c,h,l,o,t,timestamp
87685.99,87725.67,87651.25,87672.01,1736654400,2025-01-12 04:00:00
87710.37,87710.37,87677.72,87685.99,1736658000,2025-01-12 05:00:00
87717.35,87770.75,87668.82,87710.37,1736661600,2025-01-12 06:00:00
87861.08,87861.08,87685.24,87717.35,1736665200,2025-01-12 07:00:00
87965.08,87965.79,87859.78,87861.08,1736668800,2025-01-12 08:00:00
88255.9,88293.71,87941.06,87965.08,1736672400,2025-01-12 09:00:00
88491.01,88494.55,88255.9,88255.9,1736676000,2025-01-12 10:00:00
88267.58,88492.35,88162.92,88491.01,1736679600,2025-01-12 11:00:00
88395.93,88420.66,88183.61,88267.58,1736683200,2025-01-12 12:00:00
88826.97,89012.65,88376.44,88395.93,1736686800,2025-01-12 13:00:00
88629.42,88826.97,88466.54,88826.97,1736690400,2025-01-12 14:00:00
88345.8,88696.08,88233.08,88629.42,1736694000,2025-01-12 15:00:00
88370.32,88373.22,88287.16,88345.8,1736697600,2025-01-12 16:00:00
88512.64,88540.27,88360.96,88370.32,1736701200,2025-01-12 17:00:00
88563.72,88598.48,88512.64,88512.64,1736704800,2025-01-12 18:00:00
88382.12,88563.72,88335.62,88563.72,1736708400,2025-01-12 19:00:00
88453.16,88465.11,88382.12,88382.12,1736712000,2025-01-12 20:00:00
88265.92,88453.16,88265.92,88453.16,1736715600,2025-01-12 21:00:00
87630.33,88290.86,87584.48,88265.92,1736719200,2025-01-12 22:00:00
87533.95,87707,87487.79,87630.33,1736722800,2025-01-12 23:00:00
87395.78,87582.77,86785.73,87533.95,1736726400,2025-01-13 00:00:00
87268.56,87484.14,87070.19,87395.78,1736730000,2025-01-13 01:00:00
87681.24,87779.71,87247.28,87268.56,1736733600,2025-01-13 02:00:00
87854.37,87894.33,87673.38,87681.24,1736737200,2025-01-13 03:00:00
87075.13,87854.37,87075.13,87854.37,1736740800,2025-01-13 04:00:00
87164.71,87210.22,87066.28,87075.13,1736744400,2025-01-13 05:00:00
87458.77,87538.32,87161.85,87164.71,1736748000,2025-01-13 06:00:00
88006.06,88006.06,87458.77,87458.77,1736751600,2025-01-13 07:00:00
87798.51,88042.94,87740.87,88006.06,1736755200,2025-01-13 08:00:00
88125.72,88171.66,87769.32,87798.51,1736758800,2025-01-13 09:00:00
89805.36,89805.36,87980.9,88125.72,1736762400,2025-01-13 10:00:00
89996.65,90291.27,89805.36,89805.36,1736766000,2025-01-13 11:00:00
89943.46,90041.75,89599.17,89996.65,1736769600,2025-01-13 12:00:00
90430.26,90940.64,89943.46,89943.46,1736773200,2025-01-13 13:00:00
89515.21,90472.04,88227.55,90430.26,1736776800,2025-01-13 14:00:00
88740.32,89605.68,88740.32,89515.21,1736780400,2025-01-13 15:00:00
86972.52,88807.35,86972.52,88740.32,1736784000,2025-01-13 16:00:00
86404.45,86972.52,86359.86,86972.52,1736787600,2025-01-13 17:00:00
86077.02,86404.45,86073.73,86404.45,1736791200,2025-01-13 18:00:00
85671.23,86095.55,85611.66,86077.02,1736794800,2025-01-13 19:00:00
85094.06,85850.08,85089.64,85671.23,1736798400,2025-01-13 20:00:00
84213.88,85145.83,84110.95,85094.06,1736802000,2025-01-13 21:00:00
83660.02,84220.55,83654.72,84213.88,1736805600,2025-01-13 22:00:00
83844.35,83844.35,83614.06,83660.02,1736809200,2025-01-13 23:00:00
84125.63,84159.47,83844.35,83844.35,1736812800,2025-01-14 00:00:00
84824.87,84824.87,84125.63,84125.63,1736816400,2025-01-14 01:00:00
84791.27,85038.63,84752.72,84824.87,1736820000,2025-01-14 02:00:00
84916.25,84916.25,84765.86,84791.27,1736823600,2025-01-14 03:00:00
85112.41,85139.04,84916.25,84916.25,1736827200,2025-01-14 04:00:00
85107.24,85182.08,84947.65,85112.41,1736830800,2025-01-14 05:00:00
84976.61,85107.24,84903.38,85107.24,1736834400,2025-01-14 06:00:00
84809.42,84976.61,84764.03,84976.61,1736838000,2025-01-14 07:00:00
85601.6,85739.78,84809.42,84809.42,1736841600,2025-01-14 08:00:00
85996.69,86237.65,85440,85601.6,1736845200,2025-01-14 09:00:00
85630.99,86048.83,85546.92,85996.69,1736848800,2025-01-14 10:00:00
85343.83,85742.21,85268.98,85630.99,1736852400,2025-01-14 11:00:00
85780.22,85780.22,85294.98,85343.83,1736856000,2025-01-14 12:00:00
85399.66,85821.84,85148.06,85780.22,1736859600,2025-01-14 13:00:00
85023.35,85408.66,84851.3,85399.66,1736863200,2025-01-14 14:00:00
85296.99,85325.39,84922.69,85023.35,1736866800,2025-01-14 15:00:00
84653.03,85296.99,84520.7,85296.99,1736870400,2025-01-14 16:00:00
84116.29,84681.13,84116.29,84653.03,1736874000,2025-01-14 17:00:00
84322.9,84322.9,84082.99,84116.29,1736877600,2025-01-14 18:00:00
84666.94,84749.2,84306.11,84322.9,1736881200,2025-01-14 19:00:00
84623.32,84670.68,84425.73,84666.94,1736884800,2025-01-14 20:00:00
84462.54,84704.96,84448.08,84623.32,1736888400,2025-01-14 21:00:00
84414.65,84462.54,84365.82,84462.54,1736892000,2025-01-14 22:00:00
84489.13,84549.08,84414.65,84414.65,1736895600,2025-01-14 23:00:00
85098.77,85185.57,84470.02,84489.13,1736899200,2025-01-15 00:00:00
85726.6,85771,85098.22,85098.77,1736902800,2025-01-15 01:00:00
86239.69,86273.69,85726.6,85726.6,1736906400,2025-01-15 02:00:00
86293.85,86293.85,86161.93,86239.69,1736910000,2025-01-15 03:00:00
86570.83,86595.63,86293.85,86293.85,1736913600,2025-01-15 04:00:00
85773.64,86570.83,85742.04,86570.83,1736917200,2025-01-15 05:00:00
85785.95,85950.98,85766.35,85773.64,1736920800,2025-01-15 06:00:00
86122.11,86186.26,85784.1,85785.95,1736924400,2025-01-15 07:00:00
86501.05,86508,86122.11,86122.11,1736928000,2025-01-15 08:00:00
85836.79,86564.83,85829.02,86501.05,1736931600,2025-01-15 09:00:00
85732.38,85836.79,85567.33,85836.79,1736935200,2025-01-15 10:00:00
85630.86,85732.38,85487.21,85732.38,1736938800,2025-01-15 11:00:00
85488.96,85806.36,85368.08,85630.86,1736942400,2025-01-15 12:00:00
86350.42,86350.42,85136.45,85488.96,1736946000,2025-01-15 13:00:00
86524.27,86694.81,86347.56,86350.42,1736949600,2025-01-15 14:00:00
87427.3,87565.04,86524.27,86524.27,1736953200,2025-01-15 15:00:00
87025,87458.6,87025,87427.3,1736956800,2025-01-15 16:00:00
86666.04,87084.33,86666.04,87025,1736960400,2025-01-15 17:00:00
86288.21,86666.04,86288.21,86666.04,1736964000,2025-01-15 18:00:00
86919.56,87143.13,86120.13,86288.21,1736967600,2025-01-15 19:00:00
86710.2,86931.42,86337.69,86919.56,1736971200,2025-01-15 20:00:00
86862.49,86926.57,86710.2,86710.2,1736974800,2025-01-15 21:00:00
86732.05,86926.2,86714.64,86862.49,1736978400,2025-01-15 22:00:00
86634.07,86744.79,86466.63,86732.05,1736982000,2025-01-15 23:00:00
86532.23,86812.26,86396.67,86634.07,1736985600,2025-01-16 00:00:00
86562.06,86597.43,86503.76,86532.23,1736989200,2025-01-16 01:00:00
86484.8,86641.99,86394.09,86562.06,1736992800,2025-01-16 02:00:00
86232.66,86538.78,86111.81,86484.8,1736996400,2025-01-16 03:00:00
86261.71,86270.01,86177.15,86232.66,1737000000,2025-01-16 04:00:00
86301.12,86301.12,86185.83,86261.71,1737003600,2025-01-16 05:00:00
86854.92,86856.5,86301.12,86301.12,1737007200,2025-01-16 06:00:00
86726.85,86866.73,86726.85,86854.92,1737010800,2025-01-16 07:00:00
85884.05,87116.7,85830.97,86726.85,1737014400,2025-01-16 08:00:00
85894.42,86088.78,85829.92,85884.05,1737018000,2025-01-16 09:00:00
85784.14,85911.98,85664.12,85894.42,1737021600,2025-01-16 10:00:00
85758.22,85924.15,85658.75,85784.14,1737025200,2025-01-16 11:00:00
85638.76,85758.22,85373.91,85758.22,1737028800,2025-01-16 12:00:00
85690.54,85720.4,85468.44,85638.76,1737032400,2025-01-16 13:00:00
85929.79,85985.48,85267.87,85690.54,1737036000,2025-01-16 14:00:00
84986.67,86234.26,84986.67,85929.79,1737039600,2025-01-16 15:00:00
85442.76,85480.53,84986.67,84986.67,1737043200,2025-01-16 16:00:00
85718.9,85736.05,85442.76,85442.76,1737046800,2025-01-16 17:00:00
85553.1,85793.02,85550.73,85718.9,1737050400,2025-01-16 18:00:00
86877.68,86877.68,85488.38,85553.1,1737054000,2025-01-16 19:00:00
86817.33,86877.68,86662.39,86877.68,1737057600,2025-01-16 20:00:00
86271.63,86817.33,86216.71,86817.33,1737061200,2025-01-16 21:00:00
85864.38,86321.38,85864.38,86271.63,1737064800,2025-01-16 22:00:00
86229.62,86239.64,85837.37,85864.38,1737068400,2025-01-16 23:00:00
86368.84,86393.79,86217.2,86229.62,1737072000,2025-01-17 00:00:00
87224.54,87252.73,86057.16,86368.84,1737075600,2025-01-17 01:00:00
85989.19,87482.82,85989.19,87224.54,1737079200,2025-01-17 02:00:00
85935.52,85994.95,85880.5,85989.19,1737082800,2025-01-17 03:00:00
86219.84,86219.84,85927.96,85935.52,1737086400,2025-01-17 04:00:00
86341.75,86630.57,86219.84,86219.84,1737090000,2025-01-17 05:00:00
86469.29,86473.55,86270.04,86341.75,1737093600,2025-01-17 06:00:00
86513.58,86598.28,86469.29,86469.29,1737097200,2025-01-17 07:00:00
87819.36,87819.36,86513.58,86513.58,1737100800,2025-01-17 08:00:00
87863.11,88308.31,87819.36,87819.36,1737104400,2025-01-17 09:00:00
88225.44,88274.03,87778.93,87863.11,1737108000,2025-01-17 10:00:00
88372.58,88379.62,88139.05,88225.44,1737111600,2025-01-17 11:00:00
89023.27,89031.71,88352.46,88372.58,1737115200,2025-01-17 12:00:00
88807.07,89239.84,88765.89,89023.27,1737118800,2025-01-17 13:00:00
89539.13,89539.13,88780.74,88807.07,1737122400,2025-01-17 14:00:00
90698.32,90698.32,89487.83,89539.13,1737126000,2025-01-17 15:00:00
91388.05,91388.05,90554.1,90698.32,1737129600,2025-01-17 16:00:00
90983.01,91573.22,90944.59,91388.05,1737133200,2025-01-17 17:00:00
91176.06,91176.06,90929.2,90983.01,1737136800,2025-01-17 18:00:00
91227.89,91326.29,91136.87,91176.06,1737140400,2025-01-17 19:00:00
90937.24,91388.26,90937.24,91227.89,1737144000,2025-01-17 20:00:00
90946.66,90973.23,90767.35,90937.24,1737147600,2025-01-17 21:00:00
90528.22,90946.66,90528.22,90946.66,1737151200,2025-01-17 22:00:00
90555.31,90558.7,90486.19,90528.22,1737154800,2025-01-17 23:00:00
90547.41,90688.93,90547.41,90555.31,1737158400,2025-01-18 00:00:00
90513.2,90601.71,90431,90547.41,1737162000,2025-01-18 01:00:00
90487.63,90558.33,90465.16,90513.2,1737165600,2025-01-18 02:00:00
90187.21,90699.24,90072.15,90487.63,1737169200,2025-01-18 03:00:00
89216.6,90212.06,89154.61,90187.21,1737172800,2025-01-18 04:00:00
88621.89,89218.9,88621.89,89216.6,1737176400,2025-01-18 05:00:00
89738.76,89738.76,88621.89,88621.89,1737180000,2025-01-18 06:00:00
89657.06,90191.77,89636.78,89738.76,1737183600,2025-01-18 07:00:00
89923.92,89923.92,89182.15,89657.06,1737187200,2025-01-18 08:00:00
89862.45,89974.42,89808.75,89923.92,1737190800,2025-01-18 09:00:00
89698.83,89918.16,89664.92,89862.45,1737194400,2025-01-18 10:00:00
89784.47,89846.34,89676.44,89698.83,1737198000,2025-01-18 11:00:00
89842.15,90078.11,89729.77,89784.47,1737201600,2025-01-18 12:00:00
89726.78,90096.14,89690.07,89842.15,1737205200,2025-01-18 13:00:00
89444.91,89802.01,89427.85,89726.78,1737208800,2025-01-18 14:00:00
89358.68,89583.28,89324.97,89444.91,1737212400,2025-01-18 15:00:00
88323.07,89358.68,88289.52,89358.68,1737216000,2025-01-18 16:00:00
88276.74,88323.07,87959.27,88323.07,1737219600,2025-01-18 17:00:00
88293.14,88307.19,88194.83,88276.74,1737223200,2025-01-18 18:00:00
87988.6,88312.81,87985.13,88293.14,1737226800,2025-01-18 19:00:00
87681.44,87995.92,87681.44,87988.6,1737230400,2025-01-18 20:00:00
87573.8,87681.44,87560.53,87681.44,1737234000,2025-01-18 21:00:00
87549.06,87581.73,87476.58,87573.8,1737237600,2025-01-18 22:00:00
87809.62,87815.26,87502.12,87549.06,1737241200,2025-01-18 23:00:00
87933.65,87944.68,87782.33,87809.62,1737244800,2025-01-19 00:00:00
88221.36,88221.36,87933.65,87933.65,1737248400,2025-01-19 01:00:00
88327.86,88548.7,88166.94,88221.36,1737252000,2025-01-19 02:00:00
88376.13,88513.44,88312.96,88327.86,1737255600,2025-01-19 03:00:00
87990.2,88526.03,87990.2,88376.13,1737259200,2025-01-19 04:00:00
87663.18,87992.66,87404.79,87990.2,1737262800,2025-01-19 05:00:00
88801.64,88801.64,87663.18,87663.18,1737266400,2025-01-19 06:00:00
89403.38,89403.38,88801.64,88801.64,1737270000,2025-01-19 07:00:00
90180.41,90292.29,89403.38,89403.38,1737273600,2025-01-19 08:00:00
90205.53,90490.56,89826.91,90180.41,1737277200,2025-01-19 09:00:00
89185.72,90317.91,89151.53,90205.53,1737280800,2025-01-19 10:00:00
88943.29,89190.73,88857.02,89185.72,1737284400,2025-01-19 11:00:00
88781.2,89090.82,88598.88,88943.29,1737288000,2025-01-19 12:00:00
89410.91,89427.9,88781.2,88781.2,1737291600,2025-01-19 13:00:00
88375.93,89473.9,88332.37,89410.91,1737295200,2025-01-19 14:00:00
88292.99,88386.31,87938.3,88375.93,1737298800,2025-01-19 15:00:00
88455.56,88511.28,88283.76,88292.99,1737302400,2025-01-19 16:00:00
88009.89,88470.17,87990.05,88455.56,1737306000,2025-01-19 17:00:00
88150.27,88151.58,87837.85,88009.89,1737309600,2025-01-19 18:00:00
88214.03,88346.69,88071.87,88150.27,1737313200,2025-01-19 19:00:00
87966.98,88467.81,87966.98,88214.03,1737316800,2025-01-19 20:00:00
87117.96,87966.98,87014.06,87966.98,1737320400,2025-01-19 21:00:00
86482.24,87249.92,86482.24,87117.96,1737324000,2025-01-19 22:00:00
84083.15,86482.24,83940.6,86482.24,1737327600,2025-01-19 23:00:00
83977.65,84475.47,83841.99,84083.15,1737331200,2025-01-20 00:00:00
83241.44,84166.9,83193.85,83977.65,1737334800,2025-01-20 01:00:00
84782.5,84782.5,83167.19,83241.44,1737338400,2025-01-20 02:00:00
84639.74,84822.79,84568.26,84782.5,1737342000,2025-01-20 03:00:00
84745.9,84795.14,84629.75,84639.74,1737345600,2025-01-20 04:00:00
84848.51,84943.07,84745.9,84745.9,1737349200,2025-01-20 05:00:00
85085.79,85379.68,84171.8,84848.51,1737352800,2025-01-20 06:00:00
86964.59,87078.19,85085.79,85085.79,1737356400,2025-01-20 07:00:00
87566.42,87596.44,86876.56,86964.59,1737360000,2025-01-20 08:00:00
87726.3,87841.56,87419.17,87566.42,1737363600,2025-01-20 09:00:00
88014.51,88186.64,87714.11,87726.3,1737367200,2025-01-20 10:00:00
88097.42,88128.14,87901.83,88014.51,1737370800,2025-01-20 11:00:00
87708.07,88121.68,87205.13,88097.42,1737374400,2025-01-20 12:00:00
87302.13,87869.32,87302.13,87708.07,1737378000,2025-01-20 13:00:00
87357.72,87409.14,87127.08,87302.13,1737381600,2025-01-20 14:00:00
88442.47,88472.6,87306.56,87357.72,1737385200,2025-01-20 15:00:00
88312.33,88442.47,87707.13,88442.47,1737388800,2025-01-20 16:00:00
85916.01,88342.96,85916.01,88312.33,1737392400,2025-01-20 17:00:00
85128.32,85916.01,85110.82,85916.01,1737396000,2025-01-20 18:00:00
84677.78,85128.32,84635.25,85128.32,1737399600,2025-01-20 19:00:00
84523.23,84693.08,84512.25,84677.78,1737403200,2025-01-20 20:00:00
84296.02,84538.4,84257.75,84523.23,1737406800,2025-01-20 21:00:00
83912.87,84319.32,83895.53,84296.02,1737410400,2025-01-20 22:00:00
84054.76,84082.26,83776.94,83912.87,1737414000,2025-01-20 23:00:00
84371.3,84501.42,83988.85,84054.76,1737417600,2025-01-21 00:00:00
84953.86,84953.86,84270.49,84371.3,1737421200,2025-01-21 01:00:00
86178.07,86178.07,84953.86,84953.86,1737424800,2025-01-21 02:00:00
86386.23,86428.06,86079.58,86178.07,1737428400,2025-01-21 03:00:00
86548.4,86561.38,86386.23,86386.23,1737432000,2025-01-21 04:00:00
86789.54,86793.85,86548.4,86548.4,1737435600,2025-01-21 05:00:00
86973.55,87154.2,86771.39,86789.54,1737439200,2025-01-21 06:00:00
86755.01,86973.55,86755.01,86973.55,1737442800,2025-01-21 07:00:00
87011.81,87011.81,86661.6,86755.01,1737446400,2025-01-21 08:00:00
86667.86,87092.88,86592.99,87011.81,1737450000,2025-01-21 09:00:00
86999.98,87097.29,86604.41,86667.86,1737453600,2025-01-21 10:00:00
86403.58,87021.29,86378.93,86999.98,1737457200,2025-01-21 11:00:00
85789.15,86403.58,85596.8,86403.58,1737460800,2025-01-21 12:00:00
85359.63,85884.92,85359.63,85789.15,1737464400,2025-01-21 13:00:00
85965.68,86033.46,85065.77,85359.63,1737468000,2025-01-21 14:00:00
86043.61,86408.32,85863.48,85965.68,1737471600,2025-01-21 15:00:00
85041.33,86080.22,84791.46,86043.61,1737475200,2025-01-21 16:00:00
85616.5,85616.5,85004.77,85041.33,1737478800,2025-01-21 17:00:00
86692.59,86692.59,85616.5,85616.5,1737482400,2025-01-21 18:00:00
86660.58,86755.64,86362.67,86692.59,1737486000,2025-01-21 19:00:00
86295.73,86780.7,86295.73,86660.58,1737489600,2025-01-21 20:00:00
85892.52,86308.45,85859.84,86295.73,1737493200,2025-01-21 21:00:00
85969.58,85970.64,85837.46,85892.52,1737496800,2025-01-21 22:00:00
86597.35,86600.56,85969.58,85969.58,1737500400,2025-01-21 23:00:00
86404.69,86597.35,86404.69,86597.35,1737504000,2025-01-22 00:00:00
86156.17,86404.69,86156.17,86404.69,1737507600,2025-01-22 01:00:00
85867.7,86156.17,85858.84,86156.17,1737511200,2025-01-22 02:00:00
86003.97,86003.97,85867.7,85867.7,1737514800,2025-01-22 03:00:00
85924.46,86104.15,85924.46,86003.97,1737518400,2025-01-22 04:00:00
85763.18,85924.46,85693.28,85924.46,1737522000,2025-01-22 05:00:00
85833.8,85959.88,85760.21,85763.18,1737525600,2025-01-22 06:00:00
85909.88,85909.88,85691.45,85833.8,1737529200,2025-01-22 07:00:00
86238.96,86394.78,85909.88,85909.88,1737532800,2025-01-22 08:00:00
86396.64,86409.37,86212.53,86238.96,1737536400,2025-01-22 09:00:00
86425.77,86437.49,86350.05,86396.64,1737540000,2025-01-22 10:00:00
86201.15,86508.23,86201.15,86425.77,1737543600,2025-01-22 11:00:00
86240.66,86295.05,86163.16,86201.15,1737547200,2025-01-22 12:00:00
85933.1,86240.66,85900.09,86240.66,1737550800,2025-01-22 13:00:00
85673.12,86030.57,85413.39,85933.1,1737554400,2025-01-22 14:00:00
85418.2,85691.55,85361.36,85673.12,1737558000,2025-01-22 15:00:00
85801.35,85903.65,85412.67,85418.2,1737561600,2025-01-22 16:00:00
85555.19,85805.87,85496.13,85801.35,1737565200,2025-01-22 17:00:00
85455.23,85609.25,85395.53,85555.19,1737568800,2025-01-22 18:00:00
85224.56,85455.23,85185.05,85455.23,1737572400,2025-01-22 19:00:00
84374.95,85311.22,84374.95,85224.56,1737576000,2025-01-22 20:00:00
83986.65,84374.95,83986.65,84374.95,1737579600,2025-01-22 21:00:00
83850.19,83986.65,83822.87,83986.65,1737583200,2025-01-22 22:00:00
83827.97,83898.83,83820.74,83850.19,1737586800,2025-01-22 23:00:00
83909.78,84052.22,83741.44,83827.97,1737590400,2025-01-23 00:00:00
83891.69,84014.2,83851.61,83909.78,1737594000,2025-01-23 01:00:00
84128.82,84338.01,83891.69,83891.69,1737597600,2025-01-23 02:00:00
83884.54,84136.82,83881.62,84128.82,1737601200,2025-01-23 03:00:00
84320.86,84346.91,83868.74,83884.54,1737604800,2025-01-23 04:00:00
84955.08,84955.08,84301.72,84320.86,1737608400,2025-01-23 05:00:00
85244.13,85287.12,84955.08,84955.08,1737612000,2025-01-23 06:00:00
85226.79,85278.48,85216.8,85244.13,1737615600,2025-01-23 07:00:00
85524.59,85528.41,85226.79,85226.79,1737619200,2025-01-23 08:00:00
85609.83,85613.29,85359.35,85524.59,1737622800,2025-01-23 09:00:00
85633.4,85790.32,85572.87,85609.83,1737626400,2025-01-23 10:00:00
85595.05,85670.77,85539.72,85633.4,1737630000,2025-01-23 11:00:00
85271.71,85595.05,85247.82,85595.05,1737633600,2025-01-23 12:00:00
85622.04,85705.56,85250.65,85271.71,1737637200,2025-01-23 13:00:00
85852.87,86623.03,85622.04,85622.04,1737640800,2025-01-23 14:00:00
84104.1,86580.03,83865.54,85852.87,1737644400,2025-01-23 15:00:00
83252.91,84991.01,83235.19,84104.1,1737648000,2025-01-23 16:00:00
83197.58,83282,83076.39,83252.91,1737651600,2025-01-23 17:00:00
83968.37,84027.44,83197.58,83197.58,1737655200,2025-01-23 18:00:00
83366.11,83982.91,83293.64,83968.37,1737658800,2025-01-23 19:00:00
81599.46,84604.47,81599.46,83366.11,1737662400,2025-01-23 20:00:00
81718.68,82035.47,81571.05,81599.46,1737666000,2025-01-23 21:00:00
80592.54,81718.68,80539.03,81718.68,1737669600,2025-01-23 22:00:00
80451.54,80623.14,80414.09,80592.54,1737673200,2025-01-23 23:00:00
80460.69,80643.1,80451.54,80451.54,1737676800,2025-01-24 00:00:00
80298.17,80462.41,80289.03,80460.69,1737680400,2025-01-24 01:00:00
80219.7,80298.17,80085.38,80298.17,1737684000,2025-01-24 02:00:00
81230.44,81230.44,80219.7,80219.7,1737687600,2025-01-24 03:00:00
80885.91,81258.47,80808.24,81230.44,1737691200,2025-01-24 04:00:00
80922.68,80924.92,80710.14,80885.91,1737694800,2025-01-24 05:00:00
81015.39,81077.88,80911.28,80922.68,1737698400,2025-01-24 06:00:00
81226.07,81261.35,81006.34,81015.39,1737702000,2025-01-24 07:00:00
81338.97,81437.26,81216.57,81226.07,1737705600,2025-01-24 08:00:00
81571.21,81599.39,81321.33,81338.97,1737709200,2025-01-24 09:00:00
81273.18,81627.94,81248.17,81571.21,1737712800,2025-01-24 10:00:00
81504.7,81504.7,81273.18,81273.18,1737716400,2025-01-24 11:00:00
81909.05,81909.05,81504.7,81504.7,1737720000,2025-01-24 12:00:00
81963.88,82011.96,81814.19,81909.05,1737723600,2025-01-24 13:00:00
82859.22,82903.67,81932.81,81963.88,1737727200,2025-01-24 14:00:00
83191.71,83191.71,82809.91,82859.22,1737730800,2025-01-24 15:00:00
83329,83628.79,83191.71,83191.71,1737734400,2025-01-24 16:00:00
83593.8,83639.79,83306.51,83329,1737738000,2025-01-24 17:00:00
83343.51,83953.5,83343.51,83593.8,1737741600,2025-01-24 18:00:00
83150.33,83472.48,83058.33,83343.51,1737745200,2025-01-24 19:00:00
82712.48,83219.5,82700.13,83150.33,1737748800,2025-01-24 20:00:00
82447.73,82712.48,82393.21,82712.48,1737752400,2025-01-24 21:00:00
82300.01,82453.16,82240.02,82447.73,1737756000,2025-01-24 22:00:00
82341.46,82460.53,82280.57,82300.01,1737759600,2025-01-24 23:00:00
81954.08,82473.74,81932.81,82341.46,1737763200,2025-01-25 00:00:00
81591.42,81958.4,81581.41,81954.08,1737766800,2025-01-25 01:00:00
81259.63,81653.39,81259.63,81591.42,1737770400,2025-01-25 02:00:00
81324.09,81327.82,81133.53,81259.63,1737774000,2025-01-25 03:00:00
81197.99,81341.28,81166.88,81324.09,1737777600,2025-01-25 04:00:00
81170.21,81201.74,81031.66,81197.99,1737781200,2025-01-25 05:00:00
81069.68,81205.67,81024.58,81170.21,1737784800,2025-01-25 06:00:00
81087.01,81101.28,81063.4,81069.68,1737788400,2025-01-25 07:00:00
81178.03,81178.94,81071.14,81087.01,1737792000,2025-01-25 08:00:00
81244.18,81247.81,81166.12,81178.03,1737795600,2025-01-25 09:00:00
81091.96,81249.63,80994.55,81244.18,1737799200,2025-01-25 10:00:00
81487.62,81487.62,81020.92,81091.96,1737802800,2025-01-25 11:00:00
81438.36,81505.9,81419.86,81487.62,1737806400,2025-01-25 12:00:00
81396.72,81520.29,81379.54,81438.36,1737810000,2025-01-25 13:00:00
81363.35,81402.64,81348.56,81396.72,1737813600,2025-01-25 14:00:00
81047.19,81386.4,81032.54,81363.35,1737817200,2025-01-25 15:00:00
81034,81121.32,80941.15,81047.19,1737820800,2025-01-25 16:00:00
81316.82,81346.71,81034,81034,1737824400,2025-01-25 17:00:00
81253.39,81427.5,81252,81316.82,1737828000,2025-01-25 18:00:00
81396.17,81501.2,81253.39,81253.39,1737831600,2025-01-25 19:00:00
81510.81,81537.75,81392.2,81396.17,1737835200,2025-01-25 20:00:00
81354.13,81567.18,81354.13,81510.81,1737838800,2025-01-25 21:00:00
81399.57,81461.12,81316.26,81354.13,1737842400,2025-01-25 22:00:00
81551.93,81551.93,81285.7,81399.57,1737846000,2025-01-25 23:00:00
81681.66,81682.54,81543.99,81551.93,1737849600,2025-01-26 00:00:00
81479.01,81681.66,81479.01,81681.66,1737853200,2025-01-26 01:00:00
81498.75,81500.38,81443.62,81479.01,1737856800,2025-01-26 02:00:00
82274.43,82274.43,81487.12,81498.75,1737860400,2025-01-26 03:00:00
82714.7,82756.87,82246.66,82274.43,1737864000,2025-01-26 04:00:00
82812.08,82812.08,82713.01,82714.7,1737867600,2025-01-26 05:00:00
82847.63,82873.21,82811.11,82812.08,1737871200,2025-01-26 06:00:00
82860.9,82866.78,82829.83,82847.63,1737874800,2025-01-26 07:00:00
82974.14,82974.14,82757.48,82860.9,1737878400,2025-01-26 08:00:00
82167.89,83000.87,82140.72,82974.14,1737882000,2025-01-26 09:00:00
82134.02,82250.63,82128.79,82167.89,1737885600,2025-01-26 10:00:00
82192.05,82202.11,82086.47,82134.02,1737889200,2025-01-26 11:00:00
82035.51,82212.56,82035.51,82192.05,1737892800,2025-01-26 12:00:00
81865.87,82035.51,81801.96,82035.51,1737896400,2025-01-26 13:00:00
81822.17,81909.49,81802.62,81865.87,1737900000,2025-01-26 14:00:00
81839.6,81873.18,81790.99,81822.17,1737903600,2025-01-26 15:00:00
81890.75,81890.9,81838.82,81839.6,1737907200,2025-01-26 16:00:00
81933.42,81996.33,81890.75,81890.75,1737910800,2025-01-26 17:00:00
82080.51,82120.54,81933.42,81933.42,1737914400,2025-01-26 18:00:00
82088.93,82122.81,82079.11,82080.51,1737918000,2025-01-26 19:00:00
81955.49,82088.93,81897.47,82088.93,1737921600,2025-01-26 20:00:00
81762.11,81961.91,81754.93,81955.49,1737925200,2025-01-26 21:00:00
81753.43,81787.37,81639.28,81762.11,1737928800,2025-01-26 22:00:00
81646.02,81921.45,81384.02,81753.43,1737932400,2025-01-26 23:00:00
84034.16,84034.16,81646.02,81646.02,1737936000,2025-01-27 00:00:00
84249.15,84418.6,84034.16,84034.16,1737939600,2025-01-27 01:00:00
84937.33,84937.33,84017.82,84249.15,1737943200,2025-01-27 02:00:00
85425.04,85430.57,84900.6,84937.33,1737946800,2025-01-27 03:00:00
85711.63,85835.46,85384.84,85425.04,1737950400,2025-01-27 04:00:00
86106.71,86107.48,85711.63,85711.63,1737954000,2025-01-27 05:00:00
86441.43,86490.24,86106.32,86106.71,1737957600,2025-01-27 06:00:00
86053.19,86657.93,85675.9,86441.43,1737961200,2025-01-27 07:00:00
86361.57,86375.29,86003.6,86053.19,1737964800,2025-01-27 08:00:00
86474.81,86474.81,86317.03,86361.57,1737968400,2025-01-27 09:00:00
86458.1,86652.42,86309.97,86474.81,1737972000,2025-01-27 10:00:00
87029.4,87103.8,86458.1,86458.1,1737975600,2025-01-27 11:00:00
85915.83,87181.32,85915.83,87029.4,1737979200,2025-01-27 12:00:00
84901.33,85919.19,84879.32,85915.83,1737982800,2025-01-27 13:00:00
84848.32,85493.12,84848.32,84901.33,1737986400,2025-01-27 14:00:00
84604.64,84863.94,84249.53,84848.32,1737990000,2025-01-27 15:00:00
85020.56,85020.56,84391.71,84604.64,1737993600,2025-01-27 16:00:00
85313.88,85334.94,84849.86,85020.56,1737997200,2025-01-27 17:00:00
85296.78,85452.37,85266.69,85313.88,1738000800,2025-01-27 18:00:00
85180.58,85328.69,85150.85,85296.78,1738004400,2025-01-27 19:00:00
84272.32,85264.84,84272.32,85180.58,1738008000,2025-01-27 20:00:00
84479.6,85193.82,84189.59,84272.32,1738011600,2025-01-27 21:00:00
84252.97,84479.6,84206.99,84479.6,1738015200,2025-01-27 22:00:00
84001.04,84320.97,83985.5,84252.97,1738018800,2025-01-27 23:00:00
83387.41,84001.04,83385.18,84001.04,1738022400,2025-01-28 00:00:00
83054.38,83387.41,83054.38,83387.41,1738026000,2025-01-28 01:00:00
82483.82,83054.38,82349.62,83054.38,1738029600,2025-01-28 02:00:00
82402.1,82542.44,82327.29,82483.82,1738033200,2025-01-28 03:00:00
82054.67,82502.08,81958.71,82402.1,1738036800,2025-01-28 04:00:00
82050.23,82099.61,82024.18,82054.67,1738040400,2025-01-28 05:00:00
82125.21,82183.86,82050.23,82050.23,1738044000,2025-01-28 06:00:00
81660.97,82125.21,81660.97,82125.21,1738047600,2025-01-28 07:00:00
81473.45,81660.97,81473.45,81660.97,1738051200,2025-01-28 08:00:00
81151.05,81473.45,81060.38,81473.45,1738054800,2025-01-28 09:00:00
81194.54,81330.92,81095.05,81151.05,1738058400,2025-01-28 10:00:00
81188.27,81264.78,81177.17,81194.54,1738062000,2025-01-28 11:00:00
81321.72,81339.18,81180.16,81188.27,1738065600,2025-01-28 12:00:00
81362.56,81391.67,81307.26,81321.72,1738069200,2025-01-28 13:00:00
81848.45,81853.52,81340.22,81362.56,1738072800,2025-01-28 14:00:00
81775.84,81924.07,81700.57,81848.45,1738076400,2025-01-28 15:00:00
82168.26,82305.84,81775.84,81775.84,1738080000,2025-01-28 16:00:00
81757.2,82198.77,81671.76,82168.26,1738083600,2025-01-28 17:00:00
81061.38,81820.4,81061.38,81757.2,1738087200,2025-01-28 18:00:00
80915.05,81189.29,80915.05,81061.38,1738090800,2025-01-28 19:00:00
80708.32,81097.82,80654.4,80915.05,1738094400,2025-01-28 20:00:00
81001.67,81130.33,80708.32,80708.32,1738098000,2025-01-28 21:00:00
80358.32,81044.5,80358.32,81001.67,1738101600,2025-01-28 22:00:00
80356.33,80419.32,80273.36,80358.32,1738105200,2025-01-28 23:00:00
80300.01,80363.36,80262.36,80356.33,1738108800,2025-01-29 00:00:00
80537.41,80537.41,80154.18,80300.01,1738112400,2025-01-29 01:00:00
80273.08,80537.41,80236.66,80537.41,1738116000,2025-01-29 02:00:00
80404.55,80449.6,80261.93,80273.08,1738119600,2025-01-29 03:00:00
80518.84,80518.84,80334.98,80404.55,1738123200,2025-01-29 04:00:00
80424.24,80572.34,80395.43,80518.84,1738126800,2025-01-29 05:00:00
80536.29,80548.75,80400.86,80424.24,1738130400,2025-01-29 06:00:00
81129.28,81129.28,80424.27,80536.29,1738134000,2025-01-29 07:00:00
81821.41,81832.56,81129.28,81129.28,1738137600,2025-01-29 08:00:00
81792.62,81839.31,81604.37,81821.41,1738141200,2025-01-29 09:00:00
81747.41,81792.62,81653.94,81792.62,1738144800,2025-01-29 10:00:00
81699.31,81747.41,81631.2,81747.41,1738148400,2025-01-29 11:00:00
81131.08,81704.64,81022,81699.31,1738152000,2025-01-29 12:00:00
81424,81510.33,81131.08,81131.08,1738155600,2025-01-29 13:00:00
81431.36,81564.34,81371.38,81424,1738159200,2025-01-29 14:00:00
81559.3,81633.82,81431.36,81431.36,1738162800,2025-01-29 15:00:00
81472.02,81713.25,81465.95,81559.3,1738166400,2025-01-29 16:00:00
81616.7,81661.19,81386.38,81472.02,1738170000,2025-01-29 17:00:00
81281.11,81646.39,81155.03,81616.7,1738173600,2025-01-29 18:00:00
80743.2,81699.08,80516.83,81281.11,1738177200,2025-01-29 19:00:00
81332.35,81332.35,80596.8,80743.2,1738180800,2025-01-29 20:00:00
81129.17,81401.91,80958.22,81332.35,1738184400,2025-01-29 21:00:00
81079.96,81151.4,81056.82,81129.17,1738188000,2025-01-29 22:00:00
81401.04,81406.2,81071.28,81079.96,1738191600,2025-01-29 23:00:00
81243.8,81401.04,81192.02,81401.04,1738195200,2025-01-30 00:00:00
81704.98,81704.98,81243.8,81243.8,1738198800,2025-01-30 01:00:00
81894.64,81894.64,81531.44,81704.98,1738202400,2025-01-30 02:00:00
82215.98,82480.71,81894.64,81894.64,1738206000,2025-01-30 03:00:00
82503.11,82503.11,82215.98,82215.98,1738209600,2025-01-30 04:00:00
83668.58,83668.58,82503.11,82503.11,1738213200,2025-01-30 05:00:00
84414.94,84423.44,83668.58,83668.58,1738216800,2025-01-30 06:00:00
84146.84,84465.04,84146.84,84414.94,1738220400,2025-01-30 07:00:00
84485.62,84485.62,84146.84,84146.84,1738224000,2025-01-30 08:00:00
84943.98,84943.98,84460.17,84485.62,1738227600,2025-01-30 09:00:00
85251.62,85251.62,84943.98,84943.98,1738231200,2025-01-30 10:00:00
85325.47,85354.12,85234.01,85251.62,1738234800,2025-01-30 11:00:00
85145.67,85327.47,85132.11,85325.47,1738238400,2025-01-30 12:00:00
85091.21,85161.41,85038.44,85145.67,1738242000,2025-01-30 13:00:00
83998.55,85091.21,83998.55,85091.21,1738245600,2025-01-30 14:00:00
83467.92,84089.45,83416.95,83998.55,1738249200,2025-01-30 15:00:00
83618.26,83669.38,83415.05,83467.92,1738252800,2025-01-30 16:00:00
83320.26,83631.52,83215.51,83618.26,1738256400,2025-01-30 17:00:00
83536.32,83608.24,83320.26,83320.26,1738260000,2025-01-30 18:00:00
83491.76,83586.72,83487.53,83536.32,1738263600,2025-01-30 19:00:00
83171.28,83513.91,83171.28,83491.76,1738267200,2025-01-30 20:00:00
82861.01,83171.28,82861.01,83171.28,1738270800,2025-01-30 21:00:00
82688.29,82862.05,82688.29,82861.01,1738274400,2025-01-30 22:00:00
83002.93,83002.93,82685.63,82688.29,1738278000,2025-01-30 23:00:00
82881.45,83119.56,82848.67,83002.93,1738281600,2025-01-31 00:00:00
82680.08,83018.7,82677.03,82881.45,1738285200,2025-01-31 01:00:00
82506.74,82690.47,82463.94,82680.08,1738288800,2025-01-31 02:00:00
81696.06,82506.74,81595.01,82506.74,1738292400,2025-01-31 03:00:00
81700.26,81720.42,81578.81,81696.06,1738296000,2025-01-31 04:00:00
81921.44,81932.6,81700.26,81700.26,1738299600,2025-01-31 05:00:00
81789.14,82001.42,81766.62,81921.44,1738303200,2025-01-31 06:00:00
81874.08,81874.08,81692.39,81789.14,1738306800,2025-01-31 07:00:00
81976.19,82138.58,81870.25,81874.08,1738310400,2025-01-31 08:00:00
82192.17,82220.05,81974.99,81976.19,1738314000,2025-01-31 09:00:00
82250.89,82257.57,82142.62,82192.17,1738317600,2025-01-31 10:00:00
81892.08,82307.64,81840.56,82250.89,1738321200,2025-01-31 11:00:00
81759.89,81892.08,81711.56,81892.08,1738324800,2025-01-31 12:00:00
81739.5,81847.62,81659.34,81759.89,1738328400,2025-01-31 13:00:00
81887.39,81921.37,81707.31,81739.5,1738332000,2025-01-31 14:00:00
83284.97,83387.58,81518.59,81887.39,1738335600,2025-01-31 15:00:00
82980.58,83405.38,82972.4,83284.97,1738339200,2025-01-31 16:00:00
82594.1,82980.58,82543.48,82980.58,1738342800,2025-01-31 17:00:00
83481.74,83481.74,82468.51,82594.1,1738346400,2025-01-31 18:00:00
83633.91,83783.28,83444.08,83481.74,1738350000,2025-01-31 19:00:00
83409.27,84316.38,83367.72,83633.91,1738353600,2025-01-31 20:00:00
83448.6,83510.15,83393.63,83409.27,1738357200,2025-01-31 21:00:00
83396.29,83590.62,83371.42,83448.6,1738360800,2025-01-31 22:00:00
83384.24,83453.17,83352.92,83396.29,1738364400,2025-01-31 23:00:00
83156.67,83384.99,83091.86,83384.24,1738368000,2025-02-01 00:00:00
83110.66,83203.61,83110.66,83156.67,1738371600,2025-02-01 01:00:00
83132.97,83168.47,83054.17,83110.66,1738375200,2025-02-01 02:00:00
82979.65,83149.26,82979.65,83132.97,1738378800,2025-02-01 03:00:00
82908.87,82987.61,82861.65,82979.65,1738382400,2025-02-01 04:00:00
82909.85,82962.93,82882.61,82908.87,1738386000,2025-02-01 05:00:00
82893.52,82916.01,82878.38,82909.85,1738389600,2025-02-01 06:00:00
82925.58,82925.58,82876.28,82893.52,1738393200,2025-02-01 07:00:00
82829.26,83026.59,82804.19,82925.58,1738396800,2025-02-01 08:00:00
83429.28,83487.68,82829.26,82829.26,1738400400,2025-02-01 09:00:00
83334.57,83429.28,83220.6,83429.28,1738404000,2025-02-01 10:00:00
83280.32,83361.7,83280.32,83334.57,1738407600,2025-02-01 11:00:00
83311.51,83370.79,83195.29,83280.32,1738411200,2025-02-01 12:00:00
83142.55,83311.51,83142.55,83311.51,1738414800,2025-02-01 13:00:00
83225.29,83244.66,83142.55,83142.55,1738418400,2025-02-01 14:00:00
83100.58,83347.92,83097.9,83225.29,1738422000,2025-02-01 15:00:00
83128.07,83140.06,83048.26,83100.58,1738425600,2025-02-01 16:00:00
82949.83,83128.07,82949.83,83128.07,1738429200,2025-02-01 17:00:00
82773.43,82973.91,82762.52,82949.83,1738432800,2025-02-01 18:00:00
83677.43,83677.73,82770.06,82773.43,1738436400,2025-02-01 19:00:00
83681.15,83776.37,83302.88,83677.43,1738440000,2025-02-01 20:00:00
83799.55,83859.12,83603.31,83681.15,1738443600,2025-02-01 21:00:00
83971.45,83992.03,83756.92,83799.55,1738447200,2025-02-01 22:00:00
84239.33,84262.2,83964.99,83971.45,1738450800,2025-02-01 23:00:00
84012.64,84248.25,83957.92,84239.33,1738454400,2025-02-02 00:00:00
83910.59,84043.31,83898.9,84012.64,1738458000,2025-02-02 01:00:00
84137.75,84185.03,83898.09,83910.59,1738461600,2025-02-02 02:00:00
84475.72,84641.79,83695.62,84137.75,1738465200,2025-02-02 03:00:00
84519.99,84887.7,84475.72,84475.72,1738468800,2025-02-02 04:00:00
84542.51,84570.92,84399.22,84519.99,1738472400,2025-02-02 05:00:00
84570.93,84613.67,84535.65,84542.51,1738476000,2025-02-02 06:00:00
84411.43,84647.71,84411.43,84570.93,1738479600,2025-02-02 07:00:00
84403.99,84439.65,84310.46,84411.43,1738483200,2025-02-02 08:00:00
84085.96,84465.12,84085.96,84403.99,1738486800,2025-02-02 09:00:00
83798.6,84085.96,83652.21,84085.96,1738490400,2025-02-02 10:00:00
84349.83,84362.57,83588.14,83798.6,1738494000,2025-02-02 11:00:00
84905.33,84905.33,84110.76,84349.83,1738497600,2025-02-02 12:00:00
84403.58,84927.17,84403.58,84905.33,1738501200,2025-02-02 13:00:00
84128.47,84403.58,84128.47,84403.58,1738504800,2025-02-02 14:00:00
84262.94,84269.77,84034.2,84128.47,1738508400,2025-02-02 15:00:00
84552.75,84552.75,84165.92,84262.94,1738512000,2025-02-02 16:00:00
84302.1,84936.12,84302.1,84552.75,1738515600,2025-02-02 17:00:00
83440.07,84385.92,83392.64,84302.1,1738519200,2025-02-02 18:00:00
83804.86,83864.13,82986.15,83440.07,1738522800,2025-02-02 19:00:00
84010.3,84010.3,83803.82,83804.86,1738526400,2025-02-02 20:00:00
83352.36,84057.99,83180.36,84010.3,1738530000,2025-02-02 21:00:00
82958.18,83457.14,82718.31,83352.36,1738533600,2025-02-02 22:00:00
83570.34,83578.49,82951.9,82958.18,1738537200,2025-02-02 23:00:00
83358.87,83802.81,83125.64,83570.34,1738540800,2025-02-03 00:00:00
80754.66,83430.83,80573.9,83358.87,1738544400,2025-02-03 01:00:00
79680.72,80838.43,79188.75,80754.66,1738548000,2025-02-03 02:00:00
78496.76,80141.49,78485.58,79680.72,1738551600,2025-02-03 03:00:00
78596.95,78814.37,78195.14,78496.76,1738555200,2025-02-03 04:00:00
78835.43,79022.02,78582.91,78596.95,1738558800,2025-02-03 05:00:00
78901.62,79163.46,78758.09,78835.43,1738562400,2025-02-03 06:00:00
78604.54,78924.9,78467.05,78901.62,1738566000,2025-02-03 07:00:00
78616.19,78835.92,78557.36,78604.54,1738569600,2025-02-03 08:00:00
79220.68,79306.8,78563.82,78616.19,1738573200,2025-02-03 09:00:00
78394.99,79220.68,78369.01,79220.68,1738576800,2025-02-03 10:00:00
78749.37,78749.37,78351.46,78394.99,1738580400,2025-02-03 11:00:00
78907.22,78907.22,78559.61,78749.37,1738584000,2025-02-03 12:00:00
78797.97,79213.67,78776.54,78907.22,1738587600,2025-02-03 13:00:00
78678.22,78851.21,78334.93,78797.97,1738591200,2025-02-03 14:00:00
80235.49,80235.49,78350.09,78678.22,1738594800,2025-02-03 15:00:00
80952.13,80952.13,80235.49,80235.49,1738598400,2025-02-03 16:00:00
80313.73,80952.13,80275.69,80952.13,1738602000,2025-02-03 17:00:00
80778.64,80806.19,80135.92,80313.73,1738605600,2025-02-03 18:00:00
79386.31,80778.64,79199.34,80778.64,1738609200,2025-02-03 19:00:00
78963.26,79579.5,78703.95,79386.31,1738612800,2025-02-03 20:00:00
78500.2,78963.26,78408.73,78963.26,1738616400,2025-02-03 21:00:00
78191.05,78500.2,78060.06,78500.2,1738620000,2025-02-03 22:00:00
78320.27,78333.67,78187.66,78191.05,1738623600,2025-02-03 23:00:00
78707.7,78707.7,78320.27,78320.27,1738627200,2025-02-04 00:00:00
78996.32,79007.14,78611.33,78707.7,1738630800,2025-02-04 01:00:00
78944.38,79043.56,78938.37,78996.32,1738634400,2025-02-04 02:00:00
79600.14,79633.96,78944.38,78944.38,1738638000,2025-02-04 03:00:00
79175.69,79600.14,79174.25,79600.14,1738641600,2025-02-04 04:00:00
77337.08,79175.69,77337.08,79175.69,1738645200,2025-02-04 05:00:00
77011.89,77337.08,76805.26,77337.08,1738648800,2025-02-04 06:00:00
77547.5,77569.48,77011.89,77011.89,1738652400,2025-02-04 07:00:00
77931.78,78134.83,77395.83,77547.5,1738656000,2025-02-04 08:00:00
78006.93,78042.76,77873.2,77931.78,1738659600,2025-02-04 09:00:00
78131.81,78131.81,77924.7,78006.93,1738663200,2025-02-04 10:00:00
77868.81,78132.94,77771.67,78131.81,1738666800,2025-02-04 11:00:00
78039.36,78127.19,77868.81,77868.81,1738670400,2025-02-04 12:00:00
78198.58,78272.23,78039.36,78039.36,1738674000,2025-02-04 13:00:00
78033.05,78242.87,77607.16,78198.58,1738677600,2025-02-04 14:00:00
77115.07,78298.04,77114.5,78033.05,1738681200,2025-02-04 15:00:00
77251.14,77318.46,76996.21,77115.07,1738684800,2025-02-04 16:00:00
76879.97,77251.14,76783.46,77251.14,1738688400,2025-02-04 17:00:00
77039.42,77039.42,76850.73,76879.97,1738692000,2025-02-04 18:00:00
76929.42,77201.25,76797.23,77039.42,1738695600,2025-02-04 19:00:00
76704.56,77034.35,76545.7,76929.42,1738699200,2025-02-04 20:00:00
76322.01,76715.72,76322.01,76704.56,1738702800,2025-02-04 21:00:00
75292.38,76329.5,75238.37,76322.01,1738706400,2025-02-04 22:00:00
74875.75,75344.67,74870.9,75292.38,1738710000,2025-02-04 23:00:00
74860.82,75013.21,74808.02,74875.75,1738713600,2025-02-05 00:00:00
75029.84,75161.48,74856.78,74860.82,1738717200,2025-02-05 01:00:00
76130.44,76335.05,75013.96,75029.84,1738720800,2025-02-05 02:00:00
76155.97,76198.57,76127.86,76130.44,1738724400,2025-02-05 03:00:00
76287.65,76287.65,76113.95,76155.97,1738728000,2025-02-05 04:00:00
76458.37,76459.57,76253.98,76287.65,1738731600,2025-02-05 05:00:00
76493.39,76543.3,76447.84,76458.37,1738735200,2025-02-05 06:00:00
76318.57,76493.39,76298.24,76493.39,1738738800,2025-02-05 07:00:00
76343.8,76355.1,76238.66,76318.57,1738742400,2025-02-05 08:00:00
76194.94,76343.8,76189.39,76343.8,1738746000,2025-02-05 09:00:00
76188.95,76199.92,76049.27,76194.94,1738749600,2025-02-05 10:00:00
76560.02,76561.5,76172.01,76188.95,1738753200,2025-02-05 11:00:00
76852.7,77128.36,76542.62,76560.02,1738756800,2025-02-05 12:00:00
77343.97,77392.14,76739.03,76852.7,1738760400,2025-02-05 13:00:00
77581.72,77702.45,77195.87,77343.97,1738764000,2025-02-05 14:00:00
77022.44,77581.72,76988.37,77581.72,1738767600,2025-02-05 15:00:00
76362.73,77041,76316.25,77022.44,1738771200,2025-02-05 16:00:00
76430.58,76564,76338.85,76362.73,1738774800,2025-02-05 17:00:00
76287.98,76527.28,76276.97,76430.58,1738778400,2025-02-05 18:00:00
76152.73,76352.97,76130.35,76287.98,1738782000,2025-02-05 19:00:00
76013.23,76152.73,75938.44,76152.73,1738785600,2025-02-05 20:00:00
76013.23,76013.23,76013.23,76013.23,1738789200,2025-02-05 21:00:00
76013.23,76013.23,76013.23,76013.23,1738792800,2025-02-05 22:00:00
76433.27,76451.79,76184.91,76184.91,1738796400,2025-02-05 23:00:00
76355.97,76629.33,76290.52,76433.27,1738800000,2025-02-06 00:00:00
76200.41,76361.42,76157.16,76355.97,1738803600,2025-02-06 01:00:00
76155.62,76203.98,76129.78,76200.41,1738807200,2025-02-06 02:00:00
76103.24,76198.04,76103.24,76155.62,1738810800,2025-02-06 03:00:00
76035.7,76103.24,75967.25,76103.24,1738814400,2025-02-06 04:00:00
76000.99,76045.19,76000.99,76035.7,1738818000,2025-02-06 05:00:00
75992.25,76038.19,75907.37,76000.99,1738821600,2025-02-06 06:00:00
76310.23,76310.23,75992.25,75992.25,1738825200,2025-02-06 07:00:00
76280.35,76411.64,76240.78,76310.23,1738828800,2025-02-06 08:00:00
76981.83,76981.83,76266.77,76280.35,1738832400,2025-02-06 09:00:00
76957.59,77145.1,76948.3,76981.83,1738836000,2025-02-06 10:00:00
76978.87,76983.16,76751.98,76957.59,1738839600,2025-02-06 11:00:00
76520.67,76994.73,76520.67,76978.87,1738843200,2025-02-06 12:00:00
76753.68,76835.33,76443.93,76520.67,1738846800,2025-02-06 13:00:00
76335.27,76770.38,76318.16,76753.68,1738850400,2025-02-06 14:00:00
76066.96,76335.27,75800.7,76335.27,1738854000,2025-02-06 15:00:00
75621.11,76335.21,75621.11,76066.96,1738857600,2025-02-06 16:00:00
75099.52,75627.61,74977.23,75621.11,1738861200,2025-02-06 17:00:00
75478.18,75718.73,75099.52,75099.52,1738864800,2025-02-06 18:00:00
75512.77,75597.51,75406.41,75478.18,1738868400,2025-02-06 19:00:00
75583.22,75739.48,75512.77,75512.77,1738872000,2025-02-06 20:00:00
75437.35,75612.87,75383.41,75583.22,1738875600,2025-02-06 21:00:00
75133.45,75437.35,75133.45,75437.35,1738879200,2025-02-06 22:00:00
75206.26,75206.26,74990.46,75133.45,1738882800,2025-02-06 23:00:00
75343.33,75345.48,75154.09,75206.26,1738886400,2025-02-07 00:00:00
75203.05,75356.74,75020,75343.33,1738890000,2025-02-07 01:00:00
75429.84,75429.84,75199.92,75203.05,1738893600,2025-02-07 02:00:00
75571.3,75577.48,75429.84,75429.84,1738897200,2025-02-07 03:00:00
75635.24,75772.95,75559.36,75571.3,1738900800,2025-02-07 04:00:00
75621.22,75690.21,75601.46,75635.24,1738904400,2025-02-07 05:00:00
75722.72,75722.72,75406.78,75621.22,1738908000,2025-02-07 06:00:00
75649.62,75743.4,75505.34,75722.72,1738911600,2025-02-07 07:00:00
75426.04,75699.16,75363.5,75649.62,1738915200,2025-02-07 08:00:00
75313,75439.23,75221.5,75426.04,1738918800,2025-02-07 09:00:00
75343.48,75401.68,75313,75313,1738922400,2025-02-07 10:00:00
75358.28,75373.62,75037.96,75343.48,1738926000,2025-02-07 11:00:00
75680.13,75680.13,75358.28,75358.28,1738929600,2025-02-07 12:00:00
75667.42,75754.5,74467.64,75680.13,1738933200,2025-02-07 13:00:00
77307.23,77313.96,75667.42,75667.42,1738936800,2025-02-07 14:00:00
77380.99,77877.38,76891.2,77307.23,1738940400,2025-02-07 15:00:00
77234.95,77675.11,77082.42,77380.99,1738944000,2025-02-07 16:00:00
77178.5,77256.76,77036.84,77234.95,1738947600,2025-02-07 17:00:00
76699.97,77268.77,76638.95,77178.5,1738951200,2025-02-07 18:00:00
76746.97,77484.65,76699.97,76699.97,1738954800,2025-02-07 19:00:00
75718.24,76746.97,75342.97,76746.97,1738958400,2025-02-07 20:00:00
75793.61,75911.83,75623.92,75718.24,1738962000,2025-02-07 21:00:00
75873.41,75917.92,75674.21,75793.61,1738965600,2025-02-07 22:00:00
75992.71,76097.5,75873.41,75873.41,1738969200,2025-02-07 23:00:00
75627.07,76036.98,75621.04,75992.71,1738972800,2025-02-08 00:00:00
75560.24,75627.07,75486.87,75627.07,1738976400,2025-02-08 01:00:00
75553.3,75594.41,75511.84,75560.24,1738980000,2025-02-08 02:00:00
75394.99,75601.05,75204.29,75553.3,1738983600,2025-02-08 03:00:00
75708.07,75723.92,75394.99,75394.99,1738987200,2025-02-08 04:00:00
75786.65,75786.65,75616.23,75708.07,1738990800,2025-02-08 05:00:00
76083.88,76083.88,75786.65,75786.65,1738994400,2025-02-08 06:00:00
76573.94,76579.08,76083.88,76083.88,1738998000,2025-02-08 07:00:00
76895.83,76895.83,76508.18,76573.94,1739001600,2025-02-08 08:00:00
76855.02,76938.11,76802.18,76895.83,1739005200,2025-02-08 09:00:00
76852.3,76855.02,76712.18,76855.02,1739008800,2025-02-08 10:00:00
77123.92,77123.92,76828,76852.3,1739012400,2025-02-08 11:00:00
76772.12,77123.92,76729.76,77123.92,1739016000,2025-02-08 12:00:00
76600.69,76806.71,76592.61,76772.12,1739019600,2025-02-08 13:00:00
76736.87,76774.86,76599.5,76600.69,1739023200,2025-02-08 14:00:00
77858.21,77860.22,76695.02,76736.87,1739026800,2025-02-08 15:00:00
77091.62,77858.21,77090.61,77858.21,1739030400,2025-02-08 16:00:00
76581.57,77091.62,76581.57,77091.62,1739034000,2025-02-08 17:00:00
76232.37,76593.15,76232.37,76581.57,1739037600,2025-02-08 18:00:00
76434.99,76464.36,76101.99,76232.37,1739041200,2025-02-08 19:00:00
76303.58,76449.18,76301.82,76434.99,1739044800,2025-02-08 20:00:00
76317.01,76333.8,76282.47,76303.58,1739048400,2025-02-08 21:00:00
76189.65,76317.01,76187.64,76317.01,1739052000,2025-02-08 22:00:00
76261.56,76277.72,76189.65,76189.65,1739055600,2025-02-08 23:00:00
76275.98,76294.05,76247.32,76261.56,1739059200,2025-02-09 00:00:00
75834.75,76308.55,75830.24,76275.98,1739062800,2025-02-09 01:00:00
75935.86,76003.32,75823.31,75834.75,1739066400,2025-02-09 02:00:00
76155.2,76158.13,75926.38,75935.86,1739070000,2025-02-09 03:00:00
76081.39,76306.57,76081.14,76155.2,1739073600,2025-02-09 04:00:00
76081.31,76089.91,76053.99,76081.39,1739077200,2025-02-09 05:00:00
75934.12,76081.31,75809.3,76081.31,1739080800,2025-02-09 06:00:00
76048.13,76080.85,75934.12,75934.12,1739084400,2025-02-09 07:00:00
76120.19,76255.15,76048.13,76048.13,1739088000,2025-02-09 08:00:00
75944.48,76120.19,75926.53,76120.19,1739091600,2025-02-09 09:00:00
74949.56,75944.48,74923.56,75944.48,1739095200,2025-02-09 10:00:00
74844.38,75104.54,74709.17,74949.56,1739098800,2025-02-09 11:00:00
74758.73,74844.38,74720.02,74844.38,1739102400,2025-02-09 12:00:00
74754.73,74852.95,74617.74,74758.73,1739106000,2025-02-09 13:00:00
74676.74,74953.87,74537.44,74754.73,1739109600,2025-02-09 14:00:00
74596.38,74694.95,74398.63,74676.74,1739113200,2025-02-09 15:00:00
74575.37,74736.66,74514.04,74596.38,1739116800,2025-02-09 16:00:00
74747.08,74822.98,74574.45,74575.37,1739120400,2025-02-09 17:00:00
74879.99,74939.7,74747.08,74747.08,1739124000,2025-02-09 18:00:00
75461.36,75481.83,74853.76,74879.99,1739127600,2025-02-09 19:00:00
75535.29,75650.91,75305.16,75461.36,1739131200,2025-02-09 20:00:00
75197.5,75745.36,75035.71,75535.29,1739134800,2025-02-09 21:00:00
74490.99,75309.11,74468.31,75197.5,1739138400,2025-02-09 22:00:00
74484.34,74633.73,74478.71,74490.99,1739142000,2025-02-09 23:00:00
74432.91,74518.44,73990.75,74484.34,1739145600,2025-02-10 00:00:00
74591.04,74591.04,74297.35,74432.91,1739149200,2025-02-10 01:00:00
74902.14,75002.11,74538.25,74591.04,1739152800,2025-02-10 02:00:00
74593.94,74938.54,74440,74902.14,1739156400,2025-02-10 03:00:00
74749.03,74774.89,74556.48,74593.94,1739160000,2025-02-10 04:00:00
75858.12,75858.12,74747.28,74749.03,1739163600,2025-02-10 05:00:00
75749.46,76222.66,75722.01,75858.12,1739167200,2025-02-10 06:00:00
75976.35,75976.35,75733.67,75749.46,1739170800,2025-02-10 07:00:00
76327.24,76327.24,75840.41,75976.35,1739174400,2025-02-10 08:00:00
76450.41,76472.36,76310.56,76327.24,1739178000,2025-02-10 09:00:00
76386.33,76458.49,76211.15,76450.41,1739181600,2025-02-10 10:00:00
76560.81,76592.81,76386.33,76386.33,1739185200,2025-02-10 11:00:00
76702.48,76795.44,76531.28,76560.81,1739188800,2025-02-10 12:00:00
77144.45,77144.45,76652.92,76702.48,1739192400,2025-02-10 13:00:00
76755.37,77161.18,76682.11,77144.45,1739196000,2025-02-10 14:00:00
76606.6,76892.38,76605.99,76755.37,1739199600,2025-02-10 15:00:00
76477.82,76745.53,76477.82,76606.6,1739203200,2025-02-10 16:00:00
76411.94,76641.82,76397.13,76477.82,1739206800,2025-02-10 17:00:00
76446.29,76446.9,76366.95,76411.94,1739210400,2025-02-10 18:00:00
76436.48,76525.11,76423.02,76446.29,1739214000,2025-02-10 19:00:00
76316.49,76437.5,76316.49,76436.48,1739217600,2025-02-10 20:00:00
76109.85,76331.9,76109.85,76316.49,1739221200,2025-02-10 21:00:00
76101.79,76180.77,76090.58,76109.85,1739224800,2025-02-10 22:00:00
75990.25,76101.79,75985.54,76101.79,1739228400,2025-02-10 23:00:00
76014.76,76064.41,75953.63,75990.25,1739232000,2025-02-11 00:00:00
76034.14,76059.2,75980.38,76014.76,1739235600,2025-02-11 01:00:00
75850.33,76094.8,75778.64,76034.14,1739239200,2025-02-11 02:00:00
75933.97,75995.46,75850.33,75850.33,1739242800,2025-02-11 03:00:00
76331.65,76337.61,75760.61,75933.97,1739246400,2025-02-11 04:00:00
76622.42,76717.04,76296.98,76331.65,1739250000,2025-02-11 05:00:00
76913.51,76913.51,76575.22,76622.42,1739253600,2025-02-11 06:00:00
77448.2,77448.2,76895.8,76913.51,1739257200,2025-02-11 07:00:00
77624.05,77624.05,77398.79,77448.2,1739260800,2025-02-11 08:00:00
77489.22,77721.49,77487.24,77624.05,1739264400,2025-02-11 09:00:00
77268.05,77489.22,77268.05,77489.22,1739268000,2025-02-11 10:00:00
77210.96,77272.68,77183.68,77268.05,1739271600,2025-02-11 11:00:00
77025.39,77252.24,76975.4,77210.96,1739275200,2025-02-11 12:00:00
76059.42,77082.77,76034.28,77025.39,1739278800,2025-02-11 13:00:00
76533.18,76533.18,75938.71,76059.42,1739282400,2025-02-11 14:00:00
77221.8,77221.8,76533.18,76533.18,1739286000,2025-02-11 15:00:00
76994.87,77235.95,76779.39,77221.8,1739289600,2025-02-11 16:00:00
77525.67,77525.67,76747.16,76994.87,1739293200,2025-02-11 17:00:00
78190.5,78194.97,77451.13,77525.67,1739296800,2025-02-11 18:00:00
78921.57,78943.33,78135.5,78190.5,1739300400,2025-02-11 19:00:00
80007.58,80035.92,78921.57,78921.57,1739304000,2025-02-11 20:00:00
79400.24,80012.48,79400.07,80007.58,1739307600,2025-02-11 21:00:00
78700.05,79400.24,78700.05,79400.24,1739311200,2025-02-11 22:00:00
79155.32,79186.74,78682.61,78700.05,1739314800,2025-02-11 23:00:00
79444.66,79444.66,79131.2,79155.32,1739318400,2025-02-12 00:00:00
79588.77,79593.2,79399.02,79444.66,1739322000,2025-02-12 01:00:00
79557.98,79677.98,79483.55,79588.77,1739325600,2025-02-12 02:00:00
79690.53,79802.96,79557.98,79557.98,1739329200,2025-02-12 03:00:00
79894.4,79909.95,79676.75,79690.53,1739332800,2025-02-12 04:00:00
79706.11,79894.4,79698.79,79894.4,1739336400,2025-02-12 05:00:00
79618.22,79706.11,79529.8,79706.11,1739340000,2025-02-12 06:00:00
79582.78,79725.13,79582.78,79618.22,1739343600,2025-02-12 07:00:00
80044.68,80061.96,79574.23,79582.78,1739347200,2025-02-12 08:00:00
79715.69,80051.44,79682.06,80044.68,1739350800,2025-02-12 09:00:00
79672.9,79816.95,79672.9,79715.69,1739354400,2025-02-12 10:00:00
79391.06,79673.97,79384.04,79672.9,1739358000,2025-02-12 11:00:00
79531.54,79531.54,79390.26,79391.06,1739361600,2025-02-12 12:00:00
80362.35,80527.53,79312.94,79531.54,1739365200,2025-02-12 13:00:00
80032.27,80428.87,79881.38,80362.35,1739368800,2025-02-12 14:00:00
79767.17,80075.25,79726.65,80032.27,1739372400,2025-02-12 15:00:00
79054.97,79780.74,79005.75,79767.17,1739376000,2025-02-12 16:00:00
78247.96,79054.97,77873.89,79054.97,1739379600,2025-02-12 17:00:00
78149.94,78321.71,78100.48,78247.96,1739383200,2025-02-12 18:00:00
77305.1,78149.94,77305.1,78149.94,1739386800,2025-02-12 19:00:00
77498.14,77521.86,77222.32,77305.1,1739390400,2025-02-12 20:00:00
78177.13,78244.74,77498.14,77498.14,1739394000,2025-02-12 21:00:00
77911.89,78255.43,77584.09,78177.13,1739397600,2025-02-12 22:00:00
78373.97,78388.52,77826.86,77911.89,1739401200,2025-02-12 23:00:00
78614.22,78614.22,78335.43,78373.97,1739404800,2025-02-13 00:00:00
78888.01,78888.01,78611.79,78614.22,1739408400,2025-02-13 01:00:00
78517.58,78927.54,78517.58,78888.01,1739412000,2025-02-13 02:00:00
78402.27,78517.58,78393.38,78517.58,1739415600,2025-02-13 03:00:00
78169.1,78410.55,78169.1,78402.27,1739419200,2025-02-13 04:00:00
77888.41,78184.54,77767.86,78169.1,1739422800,2025-02-13 05:00:00
78325.09,78509.97,77888.41,77888.41,1739426400,2025-02-13 06:00:00
78487.37,78487.37,78246.85,78325.09,1739430000,2025-02-13 07:00:00
78663.68,78793.2,78487.37,78487.37,1739433600,2025-02-13 08:00:00
78704.11,78828.06,78634.43,78663.68,1739437200,2025-02-13 09:00:00
78810.5,78853.71,78559.81,78704.11,1739440800,2025-02-13 10:00:00
79045.46,79045.46,78761.89,78810.5,1739444400,2025-02-13 11:00:00
79189.28,79212.13,79045.46,79045.46,1739448000,2025-02-13 12:00:00
79417.75,79544.92,79065.13,79189.28,1739451600,2025-02-13 13:00:00
79182.31,79497.51,79045.47,79417.75,1739455200,2025-02-13 14:00:00
79092.87,79318.05,79082.59,79182.31,1739458800,2025-02-13 15:00:00
79515.5,79560.61,79092.87,79092.87,1739462400,2025-02-13 16:00:00
79264.11,79563.39,79246.21,79515.5,1739466000,2025-02-13 17:00:00
79046.02,79264.11,79032.08,79264.11,1739469600,2025-02-13 18:00:00
78814.26,79046.02,78695.67,79046.02,1739473200,2025-02-13 19:00:00
78871.23,78871.23,78759.22,78814.26,1739476800,2025-02-13 20:00:00
78756.32,78972.37,78756.32,78871.23,1739480400,2025-02-13 21:00:00
78511.04,78756.32,78511.04,78756.32,1739484000,2025-02-13 22:00:00
78469.85,78568.4,78459.34,78511.04,1739487600,2025-02-13 23:00:00
78202.79,78469.85,78200.09,78469.85,1739491200,2025-02-14 00:00:00
77914.2,78202.79,77902.98,78202.79,1739494800,2025-02-14 01:00:00
77923.68,77998.16,77884.24,77914.2,1739498400,2025-02-14 02:00:00
77947.12,77991.69,77870.57,77923.68,1739502000,2025-02-14 03:00:00
77687.64,78005.61,77687.64,77947.12,1739505600,2025-02-14 04:00:00
77669.98,77735.67,77616.73,77687.64,1739509200,2025-02-14 05:00:00
77600.52,77669.98,77555.35,77669.98,1739512800,2025-02-14 06:00:00
77720.09,77721.94,77596.88,77600.52,1739516400,2025-02-14 07:00:00
77671.86,77729.29,77660.89,77720.09,1739520000,2025-02-14 08:00:00
77689.6,77845.18,77617.51,77671.86,1739523600,2025-02-14 09:00:00
77720.87,77733.51,77682.25,77689.6,1739527200,2025-02-14 10:00:00
77727.61,77775.18,77703.3,77720.87,1739530800,2025-02-14 11:00:00
77477.19,77727.61,77469.42,77727.61,1739534400,2025-02-14 12:00:00
77357.59,77477.19,77209.68,77477.19,1739538000,2025-02-14 13:00:00
78163.5,78293.65,77357.59,77357.59,1739541600,2025-02-14 14:00:00
77953.16,78251.06,77918.19,78163.5,1739545200,2025-02-14 15:00:00
79199.63,79199.63,77945.67,77953.16,1739548800,2025-02-14 16:00:00
79142.06,79268.81,78712.36,79199.63,1739552400,2025-02-14 17:00:00
79529.93,79741.6,79142.06,79142.06,1739556000,2025-02-14 18:00:00
79036.76,79651.94,79033.95,79529.93,1739559600,2025-02-14 19:00:00
78360.61,79263.45,78360.61,79036.76,1739563200,2025-02-14 20:00:00
77488.99,78360.61,77485.55,78360.61,1739566800,2025-02-14 21:00:00
77188.35,77488.99,77188.35,77488.99,1739570400,2025-02-14 22:00:00
76972.1,77188.86,76972.1,77188.35,1739574000,2025-02-14 23:00:00
76979.94,77039.91,76964.29,76972.1,1739577600,2025-02-15 00:00:00
76727.35,76984.23,76694.36,76979.94,1739581200,2025-02-15 01:00:00
76626.51,76727.78,76613.27,76727.35,1739584800,2025-02-15 02:00:00
76573.44,76705.82,76573.44,76626.51,1739588400,2025-02-15 03:00:00
76659.81,76659.81,76573.44,76573.44,1739592000,2025-02-15 04:00:00
76684.59,76703.98,76650.78,76659.81,1739595600,2025-02-15 05:00:00
76788.66,76810.65,76683.18,76684.59,1739599200,2025-02-15 06:00:00
76790.9,76795.55,76745.24,76788.66,1739602800,2025-02-15 07:00:00
76990.71,77010.68,76790.9,76790.9,1739606400,2025-02-15 08:00:00
77016.7,77034.27,76964.93,76990.71,1739610000,2025-02-15 09:00:00
77048.43,77067.14,77016.7,77016.7,1739613600,2025-02-15 10:00:00
77199.2,77214.11,77048.43,77048.43,1739617200,2025-02-15 11:00:00
77144.58,77208.64,77126.45,77199.2,1739620800,2025-02-15 12:00:00
77217.61,77247.69,77144.58,77144.58,1739624400,2025-02-15 13:00:00
77226.1,77307.32,77204.01,77217.61,1739628000,2025-02-15 14:00:00
77194.14,77226.1,77168.41,77226.1,1739631600,2025-02-15 15:00:00
77231.31,77266.99,77165.05,77194.14,1739635200,2025-02-15 16:00:00
77103.25,77272.2,77103.25,77231.31,1739638800,2025-02-15 17:00:00
77097.68,77111.83,77083.75,77103.25,1739642400,2025-02-15 18:00:00
77016.51,77097.68,77001.54,77097.68,1739646000,2025-02-15 19:00:00
77034.55,77128.19,77006.73,77016.51,1739649600,2025-02-15 20:00:00
77055.61,77094.11,76967.67,77034.55,1739653200,2025-02-15 21:00:00
76952.65,77058.51,76940.93,77055.61,1739656800,2025-02-15 22:00:00
76886.02,76970.32,76883.81,76952.65,1739660400,2025-02-15 23:00:00
76921.79,76932.21,76833.32,76886.02,1739664000,2025-02-16 00:00:00
76984.18,76985.19,76915.05,76921.79,1739667600,2025-02-16 01:00:00
76909.48,77014.42,76883.13,76984.18,1739671200,2025-02-16 02:00:00
76824.24,76956.47,76816.85,76909.48,1739674800,2025-02-16 03:00:00
76751.22,76824.24,76745.39,76824.24,1739678400,2025-02-16 04:00:00
76820.3,76832.71,76749.64,76751.22,1739682000,2025-02-16 05:00:00
76895.26,76931.05,76820.3,76820.3,1739685600,2025-02-16 06:00:00
76881.93,76960.31,76881.93,76895.26,1739689200,2025-02-16 07:00:00
76816.29,76881.93,76782.78,76881.93,1739692800,2025-02-16 08:00:00
76576.04,76835.37,76559.27,76816.29,1739696400,2025-02-16 09:00:00
76588.64,76618.09,76564.29,76576.04,1739700000,2025-02-16 10:00:00
76553.76,76596.55,76551.18,76588.64,1739703600,2025-02-16 11:00:00
76482.27,76553.76,76467.53,76553.76,1739707200,2025-02-16 12:00:00
76362.65,76584.4,76362.65,76482.27,1739710800,2025-02-16 13:00:00
76273.96,76481.6,76189.46,76362.65,1739714400,2025-02-16 14:00:00
76234.61,76277.81,76173.66,76273.96,1739718000,2025-02-16 15:00:00
76488.38,76488.38,76234.61,76234.61,1739721600,2025-02-16 16:00:00
76491.12,76518.27,76464.9,76488.38,1739725200,2025-02-16 17:00:00
76379.53,76493.12,76305.17,76491.12,1739728800,2025-02-16 18:00:00
76441.58,76465.49,76378.18,76379.53,1739732400,2025-02-16 19:00:00
76380.71,76453.56,76347.05,76441.58,1739736000,2025-02-16 20:00:00
76265.76,76393.32,76265.76,76380.71,1739739600,2025-02-16 21:00:00
76266.88,76300.73,76154.88,76265.76,1739743200,2025-02-16 22:00:00
76114.23,76266.88,75967.61,76266.88,1739746800,2025-02-16 23:00:00
76212.04,76212.04,76041.82,76114.23,1739750400,2025-02-17 00:00:00
76423.04,76423.4,76212.04,76212.04,1739754000,2025-02-17 01:00:00
76372.05,76424.02,76311.7,76423.04,1739757600,2025-02-17 02:00:00
76660.59,76660.59,76372.05,76372.05,1739761200,2025-02-17 03:00:00
76913.77,76913.77,76660.59,76660.59,1739764800,2025-02-17 04:00:00
76621.15,76913.77,76528.2,76913.77,1739768400,2025-02-17 05:00:00
76595.07,76649.14,76559.71,76621.15,1739772000,2025-02-17 06:00:00
76998.3,76998.3,76559.09,76595.07,1739775600,2025-02-17 07:00:00
77550.97,77550.97,76998.3,76998.3,1739779200,2025-02-17 08:00:00
77656.02,77678.44,77534.38,77550.97,1739782800,2025-02-17 09:00:00
77808.17,77808.17,77654.36,77656.02,1739786400,2025-02-17 10:00:00
77860.51,77872.3,77760.57,77808.17,1739790000,2025-02-17 11:00:00
78113.67,78113.67,77860.51,77860.51,1739793600,2025-02-17 12:00:00
78200.7,78248.89,78113.67,78113.67,1739797200,2025-02-17 13:00:00
77730.94,78212.71,77458.13,78200.7,1739800800,2025-02-17 14:00:00
77800.71,77800.71,76979.46,77730.94,1739804400,2025-02-17 15:00:00
77925.44,78006.47,77800.71,77800.71,1739808000,2025-02-17 16:00:00
77760.12,78010.49,77635.36,77925.44,1739811600,2025-02-17 17:00:00
77854.92,77950.92,77760.12,77760.12,1739815200,2025-02-17 18:00:00
78185.95,78194.62,77854.92,77854.92,1739818800,2025-02-17 19:00:00
77720.05,78231.51,77720.05,78185.95,1739822400,2025-02-17 20:00:00
77062.59,77724.39,77062.59,77720.05,1739826000,2025-02-17 21:00:00
76835.33,77062.59,76816.32,77062.59,1739829600,2025-02-17 22:00:00
76978.48,76980.25,76835.33,76835.33,1739833200,2025-02-17 23:00:00
77220.65,77222.3,76975.74,76978.48,1739836800,2025-02-18 00:00:00
77937.66,77937.66,77131.93,77220.65,1739840400,2025-02-18 01:00:00
78248.69,78258.17,77937.66,77937.66,1739844000,2025-02-18 02:00:00
78308.05,78360.04,78223.02,78248.69,1739847600,2025-02-18 03:00:00
78330.83,78371.63,78305.71,78308.05,1739851200,2025-02-18 04:00:00
78427.3,78427.3,78211.03,78330.83,1739854800,2025-02-18 05:00:00
79141.11,79141.11,78391.79,78427.3,1739858400,2025-02-18 06:00:00
79195.42,79204.04,79127.38,79141.11,1739862000,2025-02-18 07:00:00
79922.83,79975.26,79154.51,79195.42,1739865600,2025-02-18 08:00:00
79617.86,79930.01,79573.59,79922.83,1739869200,2025-02-18 09:00:00
79717.37,79748.13,79529.26,79617.86,1739872800,2025-02-18 10:00:00
79853.29,79853.29,79717.37,79717.37,1739876400,2025-02-18 11:00:00
79322.21,79853.29,79238.9,79853.29,1739880000,2025-02-18 12:00:00
79363.5,79363.5,79215.26,79322.21,1739883600,2025-02-18 13:00:00
78732,79363.5,78596.49,79363.5,1739887200,2025-02-18 14:00:00
79400.02,79489.85,78732,78732,1739890800,2025-02-18 15:00:00
80294.03,80388.93,79400.02,79400.02,1739894400,2025-02-18 16:00:00
81461.85,81461.85,80294.03,80294.03,1739898000,2025-02-18 17:00:00
83533.08,83558.83,81461.85,81461.85,1739901600,2025-02-18 18:00:00
84018.99,84356.5,83533.08,83533.08,1739905200,2025-02-18 19:00:00
83697.98,84328.28,83697.98,84018.99,1739908800,2025-02-18 20:00:00
82964.82,83733.58,82767.38,83697.98,1739912400,2025-02-18 21:00:00
82745.99,82964.82,82675.88,82964.82,1739916000,2025-02-18 22:00:00
82030.53,82755.78,82030.53,82745.99,1739919600,2025-02-18 23:00:00
81248.37,82030.53,81045.04,82030.53,1739923200,2025-02-19 00:00:00
81241.11,81273.19,81170.19,81248.37,1739926800,2025-02-19 01:00:00
80935.12,81252.19,80935.12,81241.11,1739930400,2025-02-19 02:00:00
80448.49,80942.78,80415.22,80935.12,1739934000,2025-02-19 03:00:00
80669.12,80727.13,80393.93,80448.49,1739937600,2025-02-19 04:00:00
80361.08,80669.12,80352.59,80669.12,1739941200,2025-02-19 05:00:00
80041.36,80368.66,80041.36,80361.08,1739944800,2025-02-19 06:00:00
79592.55,80041.36,79574.62,80041.36,1739948400,2025-02-19 07:00:00
79714.15,79714.15,79570.77,79592.55,1739952000,2025-02-19 08:00:00
79738.66,79943.35,79669.53,79714.15,1739955600,2025-02-19 09:00:00
78492.93,79738.66,78449.56,79738.66,1739959200,2025-02-19 10:00:00
78554.12,78554.12,78461.15,78492.93,1739962800,2025-02-19 11:00:00
78648.59,78714.3,78554.12,78554.12,1739966400,2025-02-19 12:00:00
78732.03,78741.94,78648.59,78648.59,1739970000,2025-02-19 13:00:00
78874.98,78977.72,78621.96,78732.03,1739973600,2025-02-19 14:00:00
78574.11,78934.85,78568.35,78874.98,1739977200,2025-02-19 15:00:00
78581.29,78696.13,78554.77,78574.11,1739980800,2025-02-19 16:00:00
78893.06,78902.21,78578.82,78581.29,1739984400,2025-02-19 17:00:00
78445.3,78893.06,78438,78893.06,1739988000,2025-02-19 18:00:00
78307.2,78516.44,78211.6,78445.3,1739991600,2025-02-19 19:00:00
78445.29,78475.46,78307.2,78307.2,1739995200,2025-02-19 20:00:00
78179.41,78445.29,78179.41,78445.29,1739998800,2025-02-19 21:00:00
78100.37,78201.28,78100.37,78179.41,1740002400,2025-02-19 22:00:00
77709.08,78100.37,77697.65,78100.37,1740006000,2025-02-19 23:00:00
77804.59,77804.59,77670.85,77709.08,1740009600,2025-02-20 00:00:00
77799.6,77925.99,77734.45,77804.59,1740013200,2025-02-20 01:00:00
77952.36,78021.23,77774.04,77799.6,1740016800,2025-02-20 02:00:00
78098.15,78113.94,77951.7,77952.36,1740020400,2025-02-20 03:00:00
77959.6,78179.84,77868.78,78098.15,1740024000,2025-02-20 04:00:00
77942,77979.75,77911.18,77959.6,1740027600,2025-02-20 05:00:00
77950.93,77959.27,77876.32,77942,1740031200,2025-02-20 06:00:00
77957.36,77971.09,77935.18,77950.93,1740034800,2025-02-20 07:00:00
77934.84,77980.99,77901.87,77957.36,1740038400,2025-02-20 08:00:00
78113.8,78148.07,77847.74,77934.84,1740042000,2025-02-20 09:00:00
78145.07,78271.53,78110.98,78113.8,1740045600,2025-02-20 10:00:00
78347.07,78347.07,78135.86,78145.07,1740049200,2025-02-20 11:00:00
78702.64,78709.14,78347.07,78347.07,1740052800,2025-02-20 12:00:00
79015.79,79015.79,78636.03,78702.64,1740056400,2025-02-20 13:00:00
78947.13,80182.31,78923.99,79015.79,1740060000,2025-02-20 14:00:00
79017.89,79121.16,78679.36,78947.13,1740063600,2025-02-20 15:00:00
79916.4,80007.37,78904.5,79017.89,1740067200,2025-02-20 16:00:00
80710.14,80710.14,79916.4,79916.4,1740070800,2025-02-20 17:00:00
82033.94,82034.28,80690.13,80710.14,1740074400,2025-02-20 18:00:00
82532.11,82532.11,82033.94,82033.94,1740078000,2025-02-20 19:00:00
82476.14,82664.47,82441.2,82532.11,1740081600,2025-02-20 20:00:00
82464.35,82476.14,82309.94,82476.14,1740085200,2025-02-20 21:00:00
82473.91,82509.14,82407.95,82464.35,1740088800,2025-02-20 22:00:00
82418.88,82619.81,82404.56,82473.91,1740092400,2025-02-20 23:00:00
82344.38,82444.22,82332.24,82418.88,1740096000,2025-02-21 00:00:00
82273.46,82352.14,82255.61,82344.38,1740099600,2025-02-21 01:00:00
82242.43,82281.33,82203.03,82273.46,1740103200,2025-02-21 02:00:00
82158.35,82242.43,82116.69,82242.43,1740106800,2025-02-21 03:00:00
81992.4,82158.35,81992.4,82158.35,1740110400,2025-02-21 04:00:00
81867.96,81993.68,81852.18,81992.4,1740114000,2025-02-21 05:00:00
81980.3,81981.31,81847.92,81867.96,1740117600,2025-02-21 06:00:00
81665.36,81985.52,81665.36,81980.3,1740121200,2025-02-21 07:00:00
81552.22,81665.36,81528.64,81665.36,1740124800,2025-02-21 08:00:00
80899.94,81555.65,80872.27,81552.22,1740128400,2025-02-21 09:00:00
80628.88,80899.94,80582.81,80899.94,1740132000,2025-02-21 10:00:00
80775.95,80775.95,80596.59,80628.88,1740135600,2025-02-21 11:00:00
81480.7,81480.7,80765.43,80775.95,1740139200,2025-02-21 12:00:00
81865.82,81873.54,81350.33,81480.7,1740142800,2025-02-21 13:00:00
80628.16,81893.71,80628.16,81865.82,1740146400,2025-02-21 14:00:00
79732.8,81252.02,79046.95,80628.16,1740150000,2025-02-21 15:00:00
80184.58,80262.31,79732.8,79732.8,1740153600,2025-02-21 16:00:00
79945.15,80799.42,79774.55,80184.58,1740157200,2025-02-21 17:00:00
80417.2,80569.71,79896.67,79945.15,1740160800,2025-02-21 18:00:00
79374.25,80417.2,79374.25,80417.2,1740164400,2025-02-21 19:00:00
80708.93,80708.93,79237.99,79374.25,1740168000,2025-02-21 20:00:00
81855.84,81855.84,80708.93,80708.93,1740171600,2025-02-21 21:00:00
82085.71,82217.84,81838.71,81855.84,1740175200,2025-02-21 22:00:00
81285.62,82085.71,81282.67,82085.71,1740178800,2025-02-21 23:00:00
81800.98,81825.22,81285.62,81285.62,1740182400,2025-02-22 00:00:00
81590.03,81800.98,81590.03,81800.98,1740186000,2025-02-22 01:00:00
81534.69,81632.63,81498,81590.03,1740189600,2025-02-22 02:00:00
81366.37,81568.89,81366.37,81534.69,1740193200,2025-02-22 03:00:00
81302.78,81366.37,81275.85,81366.37,1740196800,2025-02-22 04:00:00
81294.06,81316.77,81264.84,81302.78,1740200400,2025-02-22 05:00:00
81343.57,81343.57,81264.36,81294.06,1740204000,2025-02-22 06:00:00
81261.71,81385.7,81261.71,81343.57,1740207600,2025-02-22 07:00:00
81201.38,81261.71,81096.37,81261.71,1740211200,2025-02-22 08:00:00
80974.87,81203.39,80948.26,81201.38,1740214800,2025-02-22 09:00:00
80626.5,80994.93,80626.5,80974.87,1740218400,2025-02-22 10:00:00
80546.32,80626.5,80541.35,80626.5,1740222000,2025-02-22 11:00:00
81213.21,81254.39,80194.77,80546.32,1740225600,2025-02-22 12:00:00
81219.28,81275.67,80844.71,81213.21,1740229200,2025-02-22 13:00:00
81163.32,81251.29,81112.21,81219.28,1740232800,2025-02-22 14:00:00
80835.33,81166.64,80781.22,81163.32,1740236400,2025-02-22 15:00:00
80289.34,80921.66,80248.08,80835.33,1740240000,2025-02-22 16:00:00
80184.83,80289.34,80162.17,80289.34,1740243600,2025-02-22 17:00:00
79852.76,80188,79846.38,80184.83,1740247200,2025-02-22 18:00:00
79914.13,79935.05,79792.19,79852.76,1740250800,2025-02-22 19:00:00
