timestamp,inflow,outflow,netflow
2025-01-12 04:00:00,0.22524207,0.48969537,5.248074680000002
2025-01-12 05:00:00,0.08610887,0.1831347,1.2030705400000006
2025-01-12 06:00:00,0.20603161,0.21885689,11.62920144
2025-01-12 07:00:00,0.18149486,0.67386028,-3.622519630000001
2025-01-12 08:00:00,0.01713534,0.52039635,-10.88512595
2025-01-12 09:00:00,0.22031519,0.22268758,8.09946924
2025-01-12 10:00:00,0.10011876,0.20851847,3.405532640000001
2025-01-12 11:00:00,0.05312059,0.30375622,-2.965665239999999
2025-01-12 12:00:00,0.11925604,0.46831403,1.2066415900000005
2025-01-12 13:00:00,0.21537368,0.73013754,2.0283632500000017
2025-01-12 14:00:00,0.77268377,0.97747531,44.67621156
2025-01-12 15:00:00,0.38196964,0.36090073,30.70232424
2025-01-12 16:00:00,0.41183173,3.28398423,-19.23872546
2025-01-12 17:00:00,0.55077135,1.39007368,14.63421104
2025-01-12 18:00:00,0.0690691,0.25107262,0.6674173799999998
2025-01-12 19:00:00,0.0775461,0.06151953,1.76702768
2025-01-12 20:00:00,0.09013938,0.27100382,-2.08667642
2025-01-12 21:00:00,0.01773967,0.06819454,-1.04573142
2025-01-12 22:00:00,0.63272665,0.84293995,15.83277323
2025-01-12 23:00:00,0.06966123,0.17402552,26.36919766
2025-01-13 00:00:00,0.68285644,0.93140457,20.048781400000003
2025-01-13 01:00:00,0.26382233,1.3725178,37.61015542
2025-01-13 02:00:00,0.35689369,4.53856277,-84.45462481999999
2025-01-13 03:00:00,0.88016382,4.00125227,-5.205536800000001
2025-01-13 04:00:00,0.57761859,1.18288069,26.59520361
2025-01-13 05:00:00,0.31029001,1.32742795,5.411311690000002
2025-01-13 06:00:00,2.34143428,1.96045854,54.5593601
2025-01-13 07:00:00,0.04838561,2.21178248,-20.32755736
2025-01-13 08:00:00,0.45584483,2.11713424,24.990685050000003
2025-01-13 09:00:00,0.45342462,1.84162858,16.727394080000003
2025-01-13 10:00:00,6.1188056,6.11804075,458.91883320999995
2025-01-13 11:00:00,3.14335407,17.55852488,104.39455266000004
2025-01-13 12:00:00,1.43331386,9.33653417,34.896254540000015
2025-01-13 13:00:00,0.35529052,8.57367178,-128.12799167999998
2025-01-13 14:00:00,0.37208346,15.4636468,-185.02781979
2025-01-13 15:00:00,0.36797308,10.08177363,-157.77170336
2025-01-13 16:00:00,0.23566318,8.32497773,-80.73424881
2025-01-13 17:00:00,0.38413467,3.23961696,-4.252227520000005
2025-01-13 18:00:00,0.50587411,4.94529286,-32.02631239
2025-01-13 19:00:00,0.19348306,3.443738,-33.15961073
2025-01-13 20:00:00,0.13352672,1.68930539,-11.23229024
2025-01-13 21:00:00,0.27451421,0.79037852,3.815595070000001
2025-01-13 22:00:00,0.14580395,3.36657523,-37.94640434
2025-01-13 23:00:00,0.14758542,0.56399438,-2.788476920000001
2025-01-14 00:00:00,0.2538776,1.31655679,0.4383838700000027
2025-01-14 01:00:00,1.29587442,2.13227308,65.45414435
2025-01-14 02:00:00,1.15870351,0.88477552,112.01629094
2025-01-14 03:00:00,0.29867049,0.74939194,18.45782428
2025-01-14 04:00:00,0.61215341,1.42470211,64.34191340999999
2025-01-14 05:00:00,0.82382989,2.99001988,36.40356131
2025-01-14 06:00:00,0.52656579,4.26105318,-54.39631677
2025-01-14 07:00:00,3.0519925,1.27967236,305.79406235
2025-01-14 08:00:00,0.59280195,1.4200193,36.931799870000006
2025-01-14 09:00:00,1.52364995,3.05135053,140.05832691
2025-01-14 10:00:00,0.55227841,0.51774391,60.57850021
2025-01-14 11:00:00,0.43500891,13.19198749,-230.92079252
2025-01-14 12:00:00,0.23094587,10.73062138,-176.16830159
2025-01-14 13:00:00,0.71622958,0.84420845,63.12923006
2025-01-14 14:00:00,0.25390988,3.98228335,-30.60180319
2025-01-14 15:00:00,0.90474311,0.34934747,130.94610032
2025-01-14 16:00:00,0.39841854,3.12341267,-17.83057216
2025-01-14 17:00:00,0.44442757,3.11309604,-28.0473067
2025-01-14 18:00:00,0.47489585,1.12107887,14.830551579999998
2025-01-14 19:00:00,1.33912329,5.28781421,19.777910179999992
2025-01-14 20:00:00,0.25023993,1.06592159,-5.923872380000001
2025-01-14 21:00:00,0.35379999,9.88100281,-105.4560372
2025-01-14 22:00:00,0.08171484,1.17057425,-26.26747337
2025-01-14 23:00:00,0.21756051,0.49397892,4.3207129
2025-01-15 00:00:00,0.60425845,1.16458446,51.81208775
2025-01-15 01:00:00,0.32095416,1.7708039,-7.636874810000002
2025-01-15 02:00:00,0.41686748,2.01686952,14.21684209
2025-01-15 03:00:00,0.31476428,1.0452315,22.443850209999997
2025-01-15 04:00:00,0.46558958,4.45085361,-18.28598262
2025-01-15 05:00:00,0.42264816,0.5958471,45.064309439999995
2025-01-15 06:00:00,0.22909208,0.17115103,25.73495821
2025-01-15 07:00:00,1.04801151,2.33773256,20.720331349999995
2025-01-15 08:00:00,0.41657897,2.39382395,-3.836798999999999
2025-01-15 09:00:00,0.50276235,2.09418038,11.32209391
2025-01-15 10:00:00,0.61593458,0.29545356,89.36544491
2025-01-15 11:00:00,0.65990929,0.39129513,26.05158074
2025-01-15 12:00:00,0.49815887,5.49086491,-56.51429859000001
2025-01-15 13:00:00,0.50753438,8.63196327,-36.58126303
2025-01-15 14:00:00,0.44629454,1.63450042,9.87586708
2025-01-15 15:00:00,0.57962064,10.97267581,-52.38443144
2025-01-15 16:00:00,0.20479035,10.2832481,-103.90016349
2025-01-15 17:00:00,0.87097783,12.56868432,-65.23843819000001
2025-01-15 18:00:00,0.08374784,5.59698222,-95.13457469
2025-01-15 19:00:00,0.52813777,2.25840646,1.836132499999998
2025-01-15 20:00:00,0.79616535,5.08337278,-10.5356757
2025-01-15 21:00:00,0.34106012,1.98712064,-9.002142540000001
2025-01-15 22:00:00,0.79334238,5.49054576,4.469518960000002
2025-01-15 23:00:00,0.09185235,4.61911568,-35.903694099999996
2025-01-16 00:00:00,0.22372229,2.83824032,-46.65370162999999
2025-01-16 01:00:00,0.31189939,21.03924976,-371.98669932
2025-01-16 02:00:00,0.31082256,3.50868053,-15.463058510000003
2025-01-16 03:00:00,0.35904806,3.8289761,-3.8185375899999983
2025-01-16 04:00:00,0.08484762,2.2839505,-23.90784783
2025-01-16 05:00:00,0.36221137,2.78033201,3.1020057599999973
2025-01-16 06:00:00,0.33983739,0.55461325,14.164436180000004
2025-01-16 07:00:00,0.44905459,3.76098149,-3.9319149600000074
2025-01-16 08:00:00,0.80553487,3.54227456,14.35515151
2025-01-16 09:00:00,1.72575812,0.63276755,238.67256648
2025-01-16 10:00:00,0.33254302,5.51512217,-25.5548928
2025-01-16 11:00:00,0.39112845,2.65229358,10.6711661
2025-01-16 12:00:00,0.58321321,5.34270396,-8.821480510000004
2025-01-16 13:00:00,0.76916817,3.49690462,-7.215238599999992
2025-01-16 14:00:00,0.61901132,0.8931658,57.92156498
2025-01-16 15:00:00,1.42977204,5.28494738,90.1798214
2025-01-16 16:00:00,0.91741938,3.9927368,55.10942932
2025-01-16 17:00:00,0.43404911,9.90203961,-17.905702759999997
2025-01-16 18:00:00,0.72516875,5.48386959,-64.80713767
2025-01-16 19:00:00,0.12995897,11.81114208,-188.57327204
2025-01-16 20:00:00,0.35749195,8.49774701,-79.72640308999999
2025-01-16 21:00:00,0.55053443,4.24316664,12.299558779999998
2025-01-16 22:00:00,0.17316768,0.40063295,8.81835403
2025-01-16 23:00:00,0.07073918,0.44010424,-0.8327450099999996
2025-01-17 00:00:00,0.09652463,0.2138893,-0.24240494999999984
2025-01-17 01:00:00,0.33025691,2.16125276,-4.4344508000000005
2025-01-17 02:00:00,0.64327063,7.18020784,16.135421079999986
2025-01-17 03:00:00,0.6105903,0.96084726,62.18084951000001
2025-01-17 04:00:00,0.78498053,2.85130653,1.3858932299999935
2025-01-17 05:00:00,0.55478568,2.46734555,11.29986792999999
2025-01-17 06:00:00,0.89715549,7.88110765,9.303453469999994
2025-01-17 07:00:00,0.34879264,3.97340549,-57.616706449999995
2025-01-17 08:00:00,0.74840739,3.86082959,69.70884231000001
2025-01-17 09:00:00,0.61083167,7.69895949,0.07751891999998861
2025-01-17 10:00:00,0.42996088,6.16437362,-32.135766110000006
2025-01-17 11:00:00,0.25817436,1.41993167,16.65270986
2025-01-17 12:00:00,1.19301405,9.01356748,126.33041409
2025-01-17 13:00:00,0.57798119,3.74405262,34.434343139999996
2025-01-17 14:00:00,0.66430927,6.67610286,-4.282947159999999
2025-01-17 15:00:00,0.40709892,26.32216647,-289.66171275
2025-01-17 16:00:00,0.3351429,9.18347552,-131.52183503
2025-01-17 17:00:00,0.40121613,21.22267169,-222.13177027
2025-01-17 18:00:00,1.52849754,4.43197229,59.77163000000001
2025-01-17 19:00:00,1.15402891,3.95469104,124.50787205000002
2025-01-17 20:00:00,0.97854426,32.33676346,-729.24660765
2025-01-17 21:00:00,0.23873398,5.05802955,-56.29425698
2025-01-17 22:00:00,1.11358316,8.50272596,-16.99445206
2025-01-17 23:00:00,0.7036743,0.26216582,77.3624383
2025-01-18 00:00:00,1.52316328,0.38403308,161.78746461999998
2025-01-18 01:00:00,0.25237528,0.6448508,27.23065296
2025-01-18 02:00:00,0.12494824,3.94165672,-79.4925991
2025-01-18 03:00:00,0.47124518,4.38544818,-24.158064159999995
2025-01-18 04:00:00,0.46416822,0.63429372,75.95554811
2025-01-18 05:00:00,0.40998014,1.57928447,72.26055944999999
2025-01-18 06:00:00,0.24214327,0.7909061,52.49780449
2025-01-18 07:00:00,0.37984754,0.76250258,46.64825274
2025-01-18 08:00:00,1.68941843,2.5952208,231.50082337
2025-01-18 09:00:00,0.31183827,1.69797501,33.39756565
2025-01-18 10:00:00,1.23754457,0.36375638,116.18677854
2025-01-18 11:00:00,0.79338096,3.48200857,56.90362038999999
2025-01-18 12:00:00,0.35260975,0.68314146,75.19546642
2025-01-18 13:00:00,0.28327421,0.55209235,24.35297368
2025-01-18 14:00:00,1.51210369,6.27387005,69.65005795
2025-01-18 15:00:00,0.34168899,6.72773153,-8.742449449999995
2025-01-18 16:00:00,0.41584626,3.58009372,19.234212609999993
2025-01-18 17:00:00,1.45805083,0.56967954,60.73615937
2025-01-18 18:00:00,0.17042926,1.92471338,-4.088012389999999
2025-01-18 19:00:00,0.56517665,0.37032482,36.443672719999995
2025-01-18 20:00:00,0.30434217,0.54662362,28.81222993
2025-01-18 21:00:00,1.61988973,0.2571444,127.94521446
2025-01-18 22:00:00,0.21813559,0.14452767,8.66525644
2025-01-18 23:00:00,0.60532152,2.3100307,16.53031352
2025-01-19 00:00:00,0.21340733,1.17462757,0.1867898800000063
2025-01-19 01:00:00,0.71790759,2.1586783,12.798448799999996
2025-01-19 02:00:00,0.28729006,0.65934142,35.98703556
2025-01-19 03:00:00,0.25356238,1.57553416,17.21021572
2025-01-19 04:00:00,0.27363963,2.27747641,2.4514501000000024
2025-01-19 05:00:00,0.25476293,1.20277145,34.10156206
2025-01-19 06:00:00,0.17317471,1.34625926,4.33526412
2025-01-19 07:00:00,0.67084975,4.38554732,128.77333127000003
2025-01-19 08:00:00,0.26580838,0.91624352,17.53722125
2025-01-19 09:00:00,0.27129578,2.46325514,48.26240603999999
2025-01-19 10:00:00,0.25431379,11.80935805,-168.53969401
2025-01-19 11:00:00,0.31666818,2.7905739,10.25329154
2025-01-19 12:00:00,0.29800568,1.20413683,89.00193965000001
2025-01-19 13:00:00,0.53310595,7.41892457,-62.90330386000001
2025-01-19 14:00:00,0.49935088,1.3336496,160.09651965
2025-01-19 15:00:00,0.57193526,1.75267982,151.93235963
2025-01-19 16:00:00,0.26230325,5.56469774,-10.13821351
2025-01-19 17:00:00,0.24772005,4.66074524,-28.17444401
2025-01-19 18:00:00,0.36810729,3.05270851,14.578968269999995
2025-01-19 19:00:00,0.20326906,0.6308434,46.85682276
2025-01-19 20:00:00,0.60892233,3.81912892,36.93043279
2025-01-19 21:00:00,0.64286033,3.66211848,74.47819251000001
2025-01-19 22:00:00,0.69023255,1.4273921,128.08801997999998
2025-01-19 23:00:00,0.54225789,6.43773188,-7.011418709999987
2025-01-20 00:00:00,0.36483283,9.37653578,-124.81694822
2025-01-20 01:00:00,0.3506459,4.14762386,-0.4804495599999967
2025-01-20 02:00:00,0.92238991,1.17141297,251.44393385
2025-01-20 03:00:00,0.82593246,2.71496037,256.24312236000003
2025-01-20 04:00:00,0.66403658,8.54184133,81.88920943000002
2025-01-20 05:00:00,0.94384734,1.02341487,581.06976648
2025-01-20 06:00:00,0.85547046,3.06240032,659.28109562
2025-01-20 07:00:00,1.40928424,13.1918581,226.77914713
2025-01-20 08:00:00,1.19912964,28.3230206,-207.75150873999996
2025-01-20 09:00:00,0.82736576,12.29008358,254.40885560999993
2025-01-20 10:00:00,1.99570534,28.25402794,124.15867034
2025-01-20 11:00:00,0.9173379,10.1981843,176.40914183000004
2025-01-20 12:00:00,1.55367815,7.27171148,211.60598652
2025-01-20 13:00:00,1.1764255,15.89621111,170.86610838999997
2025-01-20 14:00:00,0.44807169,2.78973841,68.98740928
2025-01-20 15:00:00,1.48575306,16.04275153,128.993799
2025-01-20 16:00:00,0.74695024,17.44480289,-55.99577881000002
2025-01-20 17:00:00,0.56007076,8.35455769,-102.87105822
2025-01-20 18:00:00,1.19301731,7.80979048,0.8515009900000052
2025-01-20 19:00:00,0.58359615,6.44206999,-28.26025114000001
2025-01-20 20:00:00,0.2664962,12.61779732,-77.39823702000001
2025-01-20 21:00:00,0.6630666,6.17626969,-58.33619673
2025-01-20 22:00:00,0.41438932,7.89885275,-57.49119412
2025-01-20 23:00:00,0.80216574,4.17243446,14.427257329999996
2025-01-21 00:00:00,0.19391887,7.60302293,-66.22074046
2025-01-21 01:00:00,0.52750003,20.25968356,-158.81433275
2025-01-21 02:00:00,1.34755305,12.39725003,-24.521656800000017
2025-01-21 03:00:00,0.24317176,2.47771462,-1.8730040499999987
2025-01-21 04:00:00,0.26302162,7.65438027,-90.11842551
2025-01-21 05:00:00,0.22517079,20.2420727,-196.76815945
2025-01-21 06:00:00,1.3953525,7.77661644,31.853617520000014
2025-01-21 07:00:00,0.99343287,15.87256655,-49.403330830000016
2025-01-21 08:00:00,1.74714983,12.24972299,22.378487210000003
2025-01-21 09:00:00,2.04157316,12.80767244,22.808329060000005
2025-01-21 10:00:00,1.21692513,32.44411555,-226.67428224000005
2025-01-21 11:00:00,1.00092911,6.72076442,18.870576380000003
2025-01-21 12:00:00,1.35314534,13.37938927,12.786564380000002
2025-01-21 13:00:00,0.68355536,13.84629888,-171.64124103999998
2025-01-21 14:00:00,0.48091886,4.76918914,-22.88595821
2025-01-21 15:00:00,0.88870378,9.71961526,-9.822550149999984
2025-01-21 16:00:00,1.33884964,9.4633835,70.9263398
2025-01-21 17:00:00,0.6003419,2.94075753,45.64433941000001
2025-01-21 18:00:00,1.07522153,3.83253053,107.29795692
2025-01-21 19:00:00,0.78597273,2.42821258,51.31184500999999
2025-01-21 20:00:00,0.7829804,11.82330668,-129.82359743
2025-01-21 21:00:00,0.93987526,23.04483543,-188.64179698
2025-01-21 22:00:00,0.60094708,0.83341277,19.07697245
2025-01-21 23:00:00,0.3910097,13.07920726,-125.45458808
2025-01-22 00:00:00,0.51550095,0.37799917,76.77565869
2025-01-22 01:00:00,0.52774683,4.27838162,-7.70681299000001
2025-01-22 02:00:00,0.16411611,0.23862753,22.42544413
2025-01-22 03:00:00,0.59613516,14.330203,-126.70208173
2025-01-22 04:00:00,0.56898293,5.24536201,15.824331520000008
2025-01-22 05:00:00,2.4087457,0.42122012,184.51240363
2025-01-22 06:00:00,0.5552363,2.10816871,58.880986359999994
2025-01-22 07:00:00,1.1977594,4.1421906,41.77240507
2025-01-22 08:00:00,0.22643404,1.41725853,4.445477329999999
2025-01-22 09:00:00,0.79100702,1.72273429,79.62513679
2025-01-22 10:00:00,0.3775458,1.42701457,19.158518890000003
2025-01-22 11:00:00,0.60522942,6.3936444,-37.538762379999994
2025-01-22 12:00:00,0.53742998,1.42556677,36.68167556
2025-01-22 13:00:00,0.36846228,3.31278208,-14.69119314
2025-01-22 14:00:00,0.21442838,6.86577637,-94.42171495
2025-01-22 15:00:00,0.14200401,4.90588974,-48.64638817
2025-01-22 16:00:00,0.67109387,12.52712989,-100.88839944
2025-01-22 17:00:00,0.05086265,12.83840947,-189.4226578
2025-01-22 18:00:00,1.32595466,9.27829497,-37.09285381
2025-01-22 19:00:00,0.80262408,10.21837843,-45.19747471
2025-01-22 20:00:00,0.73375414,4.42697953,-18.12364825
2025-01-22 21:00:00,0.35251389,11.05413937,-214.98995488
2025-01-22 22:00:00,0.1322568,1.4730788,-10.93184905
2025-01-22 23:00:00,0.00839037,4.63383805,-31.958615099999996
2025-01-23 00:00:00,0.52945302,0.09001746,91.22465101
2025-01-23 01:00:00,0.29156442,0.00120426,22.44203033
2025-01-23 02:00:00,0.24254291,0.00103264,17.20918757
2025-01-23 03:00:00,0.45668973,6.20690902,-81.0225982
2025-01-23 04:00:00,0.24560617,0.85189256,15.7428436
2025-01-23 05:00:00,0.40269544,1.77207084,17.149342339999997
2025-01-23 06:00:00,0.63809288,22.23303719,-485.7359269
2025-01-23 07:00:00,0.33692128,11.70089549,-339.54306589
2025-01-23 08:00:00,0.67793407,7.46252931,-84.86786788999999
2025-01-23 09:00:00,2.68432639,8.04373998,45.873767009999995
2025-01-23 10:00:00,0.1463752,11.00284199,-112.24874973
2025-01-23 11:00:00,0.71160455,13.11006965,-68.67145419
2025-01-23 12:00:00,0.14752023,13.65654469,-203.31013124
2025-01-23 13:00:00,2.04879494,15.65483816,-138.05590324000002
2025-01-23 14:00:00,2.90627453,23.90407834,-166.74705584999998
2025-01-23 15:00:00,0.73384717,12.69997761,-88.77960320999999
2025-01-23 16:00:00,1.38870485,3.52538262,60.78129065
2025-01-23 17:00:00,1.18827324,9.62247958,-74.20373547
2025-01-23 18:00:00,1.24491608,13.78975944,4.022838739999997
2025-01-23 19:00:00,1.21893561,4.26897198,17.639500920000003
2025-01-23 20:00:00,1.38611705,16.68742614,-163.09406104
2025-01-23 21:00:00,2.37693677,9.83050137,2.9350045300000005
2025-01-23 22:00:00,0.20443061,9.30247352,-147.51165799999998
2025-01-23 23:00:00,1.02928892,1.43978787,32.12841362
2025-01-24 00:00:00,0.12870802,2.64684886,-34.33033426
2025-01-24 01:00:00,0.45225958,0.54688908,42.50259023
2025-01-24 02:00:00,0.67709201,2.14743782,18.105686109999994
2025-01-24 03:00:00,0.46537751,10.51238405,-142.49386274999998
2025-01-24 04:00:00,0.27613963,1.71369729,-9.811237310000005
2025-01-24 05:00:00,1.58411448,1.66463693,102.29692743
2025-01-24 06:00:00,0.37651646,0.82836381,7.60538399
2025-01-24 07:00:00,0.42971271,24.28597103,-494.55014074
2025-01-24 08:00:00,0.20633272,4.2825473,-86.63674345
2025-01-24 09:00:00,0.07222638,1.12548259,-17.45380495
2025-01-24 10:00:00,1.04120561,11.95755314,-58.11177733999999
2025-01-24 11:00:00,1.55636519,6.73548513,42.15332031999999
2025-01-24 12:00:00,0.41147198,4.47450505,-47.57164551
2025-01-24 13:00:00,0.17036413,5.98967758,-73.43634121000001
2025-01-24 14:00:00,0.39410254,3.50535586,2.5524513400000046
2025-01-24 15:00:00,0.16013727,5.68953953,-74.85876805
2025-01-24 16:00:00,1.00653619,2.49781435,37.275828489999995
2025-01-24 17:00:00,0.93335756,11.69136583,-153.55856670999998
2025-01-24 18:00:00,0.68327949,8.67215754,-163.71861416000002
2025-01-24 19:00:00,0.08659108,3.48194102,-54.43048761
2025-01-24 20:00:00,0.30346017,0.45792596,14.94194255
2025-01-24 21:00:00,0.06926857,7.48661994,-50.88243103
2025-01-24 22:00:00,0.1255279,1.07939679,-8.33304834
2025-01-24 23:00:00,0.22809785,0.37432566,5.39816966
2025-01-25 00:00:00,0.33602129,0.17567502,18.05317706
2025-01-25 01:00:00,0.38347887,5.11068693,-24.123698059999995
2025-01-25 02:00:00,0.10982305,0.99047291,-0.7873505300000012
2025-01-25 03:00:00,0.53030237,12.57834465,-125.56918715
2025-01-25 04:00:00,0.50195174,0.59807684,44.85513486
2025-01-25 05:00:00,0.15660781,0.55173523,11.719261409999998
2025-01-25 06:00:00,0.47525554,3.42245812,66.70856648
2025-01-25 07:00:00,0.3357785,0.21769911,79.98180155
2025-01-25 08:00:00,0.12303877,0.22802263,25.81541491
2025-01-25 09:00:00,0.13431143,0.8349674,6.355203089999998
2025-01-25 10:00:00,0.12101912,0.19440358,19.88704071
2025-01-25 11:00:00,0.52262162,5.59017199,2.2867395199999976
2025-01-25 12:00:00,1.0455122,9.21238478,5.503236670000007
2025-01-25 13:00:00,0.30248335,1.44735129,18.86472069
2025-01-25 14:00:00,0.16751957,1.14713903,2.5747557400000005
2025-01-25 15:00:00,1.26752266,7.54592879,-22.95799455000001
2025-01-25 16:00:00,0.50079028,8.05900777,-22.63749444
2025-01-25 17:00:00,0.66647453,4.99117264,17.74282498
2025-01-25 18:00:00,1.19546724,1.02914895,82.59107969
2025-01-25 19:00:00,0.10694805,2.21606052,-62.81573321
2025-01-25 20:00:00,0.03693803,0.13751137,-1.57040107
2025-01-25 21:00:00,0.05909932,1.66884611,-26.53830511
2025-01-25 22:00:00,0.02792825,0.89735093,-19.91658401
2025-01-25 23:00:00,0.54149949,0.08982251,26.99028094
2025-01-26 00:00:00,0.0230062,1.43698884,-14.04600478
2025-01-26 01:00:00,0.04952701,0.9667865,-3.92071204
2025-01-26 02:00:00,0.1774994,0.96301242,12.508254420000002
2025-01-26 03:00:00,0.18111349,7.87881826,-84.85662914
2025-01-26 04:00:00,0.73344684,8.18423492,-19.11487996999999
2025-01-26 05:00:00,0.28627349,1.65108835,0.39931553000000086
2025-01-26 06:00:00,0.44738843,0.51525722,41.10434949
2025-01-26 07:00:00,0.18154167,4.51028696,-40.354531300000005
2025-01-26 08:00:00,0.25359221,2.8224773,-9.49191274
2025-01-26 09:00:00,0.53677471,1.26270136,17.529478909999998
2025-01-26 10:00:00,0.22903082,7.65215501,-47.434636389999994
2025-01-26 11:00:00,0.06705332,4.04528801,-30.14954457
2025-01-26 12:00:00,0.10999729,4.30967309,-55.55487925999999
2025-01-26 13:00:00,0.11245829,0.39403482,1.2232549299999995
2025-01-26 14:00:00,0.05183152,1.67137665,-22.37541098
2025-01-26 15:00:00,0.50534923,0.21341912,31.2066887
2025-01-26 16:00:00,0.27538363,1.43408893,-12.605657150000004
2025-01-26 17:00:00,0.06298316,0.20292884,1.16195979
2025-01-26 18:00:00,0.06265955,0.46316334,-4.988851180000001
2025-01-26 19:00:00,2.87482026,0.81294672,139.04037298
2025-01-26 20:00:00,0.00926373,8.74396801,-138.82889489
2025-01-26 21:00:00,0.00687417,1.07662515,-26.48255614
2025-01-26 22:00:00,0.05129887,0.10641396,0.56597556
2025-01-26 23:00:00,0.12223127,4.87251895,-50.28073250999999
2025-01-27 00:00:00,0.09054388,0.94789466,-12.41620552
2025-01-27 01:00:00,0.65465448,1.66695275,30.69581789
2025-01-27 02:00:00,0.92636515,2.85163596,81.26918882999999
2025-01-27 03:00:00,0.77021756,4.15337959,-3.2382810200000023
2025-01-27 04:00:00,1.2365766,2.37690892,63.67207032000002
2025-01-27 05:00:00,0.29828005,3.28379833,-60.32866811999999
2025-01-27 06:00:00,0.40715994,5.42808071,-142.07295375
2025-01-27 07:00:00,0.60258074,8.01543147,-104.63238432
2025-01-27 08:00:00,1.41252201,7.40484261,-19.68812459
2025-01-27 09:00:00,0.43210424,17.60534649,-346.58889645
2025-01-27 10:00:00,4.31185122,2.46584778,299.94299316
2025-01-27 11:00:00,0.31370746,6.45895431,-140.95397022
2025-01-27 12:00:00,0.9558575,1.22197035,44.06729505
2025-01-27 13:00:00,1.88455647,4.81264994,71.09844155000002
2025-01-27 14:00:00,1.006198,5.60442628,9.0879963
2025-01-27 15:00:00,3.45511165,7.96645073,349.05576639000003
2025-01-27 16:00:00,2.1792422,7.61342104,10.099050070000004
2025-01-27 17:00:00,1.63009892,21.1671336,-188.60842796000003
2025-01-27 18:00:00,0.23049006,4.63637554,-75.05949848
2025-01-27 19:00:00,0.0,0.0,0.0
2025-01-27 20:00:00,2.2170494,4.22307878,41.59237130999999
2025-01-27 21:00:00,1.10699956,0.78998089,48.401224899999995
2025-01-27 22:00:00,0.32052257,3.31912902,-5.9468721700000025
2025-01-27 23:00:00,0.31428885,2.09701722,-8.09487825
2025-01-28 00:00:00,0.14677326,3.49032026,-31.838785630000004
2025-01-28 01:00:00,1.1151594,3.07010854,15.29581975
2025-01-28 02:00:00,0.16998309,12.78836352,-138.67183357
2025-01-28 03:00:00,0.06470756,12.3302533,-117.02590009
2025-01-28 04:00:00,0.66889854,11.28031686,-47.34207023
2025-01-28 05:00:00,1.13438107,3.68631,73.17357715
2025-01-28 06:00:00,0.85980626,18.42130661,-85.95883355
2025-01-28 07:00:00,0.20918977,4.35254871,-23.87566511
2025-01-28 08:00:00,1.94346654,11.47558253,-9.808632150000008
2025-01-28 09:00:00,0.80223274,4.25299919,32.31948860000001
2025-01-28 10:00:00,1.16951908,7.91997902,-5.356334690000011
2025-01-28 11:00:00,0.623317,0.4954313,37.19158309
2025-01-28 12:00:00,1.29022316,0.46548172,119.2066063
2025-01-28 13:00:00,0.71390207,4.74953389,-27.228860590000004
2025-01-28 14:00:00,0.25253246,0.92233483,12.7361234
2025-01-28 15:00:00,0.69519058,11.49344115,-112.24483567
2025-01-28 16:00:00,0.84484694,0.30169413,77.1230475
2025-01-28 17:00:00,1.08556166,0.139661,75.78620258000001
2025-01-28 18:00:00,0.09189931,0.15748385,3.29582482
2025-01-28 19:00:00,2.12695274,0.53412195,130.24963391
2025-01-28 20:00:00,0.30323401,0.96715474,10.211021270000002
2025-01-28 21:00:00,0.48501582,3.27078116,-24.93525586
2025-01-28 22:00:00,0.39645682,2.51524244,-9.307199410000004
2025-01-28 23:00:00,0.02752176,2.1089664,-10.26961435
2025-01-29 00:00:00,1.56057395,3.4133392,82.32527187
2025-01-29 01:00:00,0.67315167,4.99978424,-24.608095129999995
2025-01-29 02:00:00,1.33026074,0.84499963,48.62569309
2025-01-29 03:00:00,0.19804763,2.38035773,-27.59298534
2025-01-29 04:00:00,0.33660181,0.0924364,23.98416993
2025-01-29 05:00:00,0.15579458,0.61425223,0.8771600199999998
2025-01-29 06:00:00,0.69848676,0.73392323,45.01183815
2025-01-29 07:00:00,0.18050721,5.07137138,-28.64032566
2025-01-29 08:00:00,0.6772878,3.07269758,12.883379769999998
2025-01-29 09:00:00,0.60836285,2.2337355,20.6474765
2025-01-29 10:00:00,0.04906057,2.31390244,-25.86152277
2025-01-29 11:00:00,0.52180774,3.81875409,-30.83521657
2025-01-29 12:00:00,0.21545805,0.99951806,4.949197080000001
2025-01-29 13:00:00,0.35037321,2.49520656,4.043722660000004
2025-01-29 14:00:00,2.58340136,0.46513075,156.24245508
2025-01-29 15:00:00,0.10700675,2.45882404,-18.80754433
2025-01-29 16:00:00,0.46199802,3.72986161,-9.544857719999996
2025-01-29 17:00:00,0.15688964,1.32623555,-8.269047519999999
2025-01-29 18:00:00,0.2171512,0.20054517,13.07761746
2025-01-29 19:00:00,2.87294586,0.1670149,95.17493586
2025-01-29 20:00:00,1.16031991,0.21334966,115.79243486
2025-01-29 21:00:00,0.34506277,0.75701038,11.75341137
2025-01-29 22:00:00,0.03233844,0.14820912,-0.18855352000000017
2025-01-29 23:00:00,0.04942321,1.9558871,-15.28009311
2025-01-30 00:00:00,0.09497555,0.82596239,2.699904360000001
2025-01-30 01:00:00,0.45630513,2.63070507,-8.538953050000003
2025-01-30 02:00:00,0.20737809,0.57550588,9.40930553
2025-01-30 03:00:00,0.45378338,3.95891882,-10.54705161
2025-01-30 04:00:00,1.17517448,1.876006,66.55333405
2025-01-30 05:00:00,1.21428514,0.77801702,63.08463599
2025-01-30 06:00:00,0.99070432,1.36600239,96.92356192
2025-01-30 07:00:00,0.38919482,2.96922159,-13.735228179999998
2025-01-30 08:00:00,0.83745036,0.8839304,24.519270109999997
2025-01-30 09:00:00,2.19356638,10.00859442,134.07547527999998
2025-01-30 10:00:00,3.82148259,1.14836973,104.68552338
2025-01-30 11:00:00,2.37846174,0.28911116,193.36476847
2025-01-30 12:00:00,0.21889917,17.53801327,-173.87391818
2025-01-30 13:00:00,0.13324016,2.64730686,-33.261586730000005
2025-01-30 14:00:00,0.86718647,1.1424079,65.83856109000001
2025-01-30 15:00:00,1.14789595,1.34746516,59.44150083
2025-01-30 16:00:00,0.77078591,7.75592329,-119.85457087
2025-01-30 17:00:00,1.09280196,2.65589479,42.27394508
2025-01-30 18:00:00,0.39806816,1.2687382,0.1507323300000003
2025-01-30 19:00:00,1.66134944,3.86600456,33.35271845
2025-01-30 20:00:00,2.04418644,9.6640932,-66.72547425
2025-01-30 21:00:00,0.08273532,8.05299326,-117.8991626
2025-01-30 22:00:00,0.14595071,10.40333103,-98.04933129
2025-01-30 23:00:00,0.25568508,1.18315826,1.46404186
2025-01-31 00:00:00,0.1876587,2.13714008,-1.479578459999999
2025-01-31 01:00:00,0.15585416,3.72933611,-26.0830252
2025-01-31 02:00:00,0.20685989,0.30388004,6.34127548
2025-01-31 03:00:00,0.28179563,3.80775762,-38.53191910000001
2025-01-31 04:00:00,0.31660797,5.78988118,-36.27853202
2025-01-31 05:00:00,0.28036667,4.49705741,-37.16507019
2025-01-31 06:00:00,0.65065667,0.61573743,25.17890387
2025-01-31 07:00:00,0.82016612,4.83151024,16.015800409999997
2025-01-31 08:00:00,0.42679624,1.62107,4.960660409999999
2025-01-31 09:00:00,0.40256159,4.13196207,-25.93875736
2025-01-31 10:00:00,0.10852272,1.12609342,-8.42662876
2025-01-31 11:00:00,0.14510538,4.21748035,-44.95065416
2025-01-31 12:00:00,0.09323802,0.54804067,2.1288097899999983
2025-01-31 13:00:00,0.09914027,0.94730275,-5.694418699999998
2025-01-31 14:00:00,0.38068587,0.87951168,35.01002439
2025-01-31 15:00:00,0.18959004,14.85943745,-189.45230066
2025-01-31 16:00:00,0.15116819,19.84119664,-166.77965119
2025-01-31 17:00:00,0.50065554,4.44105415,-48.02671135999999
2025-01-31 18:00:00,0.09622621,3.42604366,-44.07746332
2025-01-31 19:00:00,0.68462552,9.8451046,-115.07489141
2025-01-31 20:00:00,2.69072507,8.73078554,48.60190254
2025-01-31 21:00:00,2.28906075,18.55420733,-27.35515995
2025-01-31 22:00:00,0.05377548,13.35891209,-171.4072869
2025-01-31 23:00:00,0.01986818,4.42676814,-43.651767979999995
2025-02-01 00:00:00,0.11474199,6.95306577,-60.534587220000006
2025-02-01 01:00:00,0.32556966,7.04645691,-28.163170469999997
2025-02-01 02:00:00,0.16508902,5.81652447,-50.64796671
2025-02-01 03:00:00,0.05602284,3.18498325,-27.527754969999997
2025-02-01 04:00:00,0.48256994,2.90812501,8.102045970000002
2025-02-01 05:00:00,0.98323736,1.37181213,62.19724307
2025-02-01 06:00:00,0.53906658,0.98367236,44.06993402
2025-02-01 07:00:00,1.04083792,5.90981509,11.308414720000002
2025-02-01 08:00:00,0.64135139,2.54090343,4.8569918800000025
2025-02-01 09:00:00,0.20226879,4.98249833,-54.43637518
2025-02-01 10:00:00,0.30943489,3.11706252,-11.125498299999997
2025-02-01 11:00:00,0.23160004,1.41063972,-6.189750879999998
2025-02-01 12:00:00,0.11658322,0.8501677,-0.044944239999999525
2025-02-01 13:00:00,0.01835583,8.5505224,-107.32042211
2025-02-01 14:00:00,0.23573524,0.99829794,10.35991577
2025-02-01 15:00:00,0.11710711,3.3606411,-32.13019571
2025-02-01 16:00:00,0.05728328,1.14785369,-12.463292760000002
2025-02-01 17:00:00,0.0981155,0.16752372,3.07972785
2025-02-01 18:00:00,0.07853285,3.1626617,-36.009967100000004
2025-02-01 19:00:00,1.34212355,9.43421225,-55.5779294
2025-02-01 20:00:00,3.27160281,5.29480376,82.90968235
2025-02-01 21:00:00,1.4903028,5.14890502,14.352891889999997
2025-02-01 22:00:00,0.39810568,5.05499079,-24.91380482
2025-02-01 23:00:00,1.11744914,4.32613147,13.042137680000003
2025-02-02 00:00:00,0.20646544,12.5781709,-120.39738652
2025-02-02 01:00:00,0.68286554,0.71548853,18.07851677
2025-02-02 02:00:00,0.16498333,2.11799019,-2.7821483600000008
2025-02-02 03:00:00,0.58312678,8.55828543,-62.8581876
2025-02-02 04:00:00,0.23375895,1.88327672,-0.17166613999999925
2025-02-02 05:00:00,0.98557378,0.59623617,40.542045009999995
2025-02-02 06:00:00,0.11452466,1.20110018,-4.678606180000001
2025-02-02 07:00:00,4.21867743,4.94711782,174.69520088000002
2025-02-02 08:00:00,4.32256657,26.22210107,-28.802415819999993
2025-02-02 09:00:00,1.80528438,7.24398526,-41.97849575000001
2025-02-02 10:00:00,0.26306538,1.21931025,-1.5494862199999986
2025-02-02 11:00:00,2.42145486,4.88555462,98.68262088
2025-02-02 12:00:00,0.53010446,2.26494984,17.30135276
2025-02-02 13:00:00,0.18156032,3.07559973,-39.03129171
2025-02-02 14:00:00,1.10964162,1.28350054,58.00819932
2025-02-02 15:00:00,0.17382723,1.38332551,-3.0413823499999975
2025-02-02 16:00:00,0.21861151,0.67270793,7.65066008
2025-02-02 17:00:00,1.16100859,1.7568201,100.19763517
2025-02-02 18:00:00,2.93351614,5.17135607,124.99308421
2025-02-02 19:00:00,1.20714989,1.5052241,75.85633989000002
2025-02-02 20:00:00,0.55009206,1.98948098,12.94557439
2025-02-02 21:00:00,5.48525678,2.41239395,468.02672747
2025-02-02 22:00:00,2.33447271,2.10991363,33.941090589999995
2025-02-02 23:00:00,0.84013655,0.79778687,70.11248059
2025-02-03 00:00:00,1.11449557,1.81014621,143.08882287
2025-02-03 01:00:00,0.63789991,11.75221368,-73.50704281
2025-02-03 02:00:00,1.43479972,4.84907711,346.06628988
2025-02-03 03:00:00,0.73375701,11.50501797,-110.0562526
2025-02-03 04:00:00,3.21128934,6.23175829,389.55276908
2025-02-03 05:00:00,0.63400495,8.45391091,-86.23388163
2025-02-03 06:00:00,0.21684286,4.8668299,-88.49378934
2025-02-03 07:00:00,1.05883156,3.61900664,160.12029898999998
2025-02-03 08:00:00,1.08804871,3.60212653,17.10335609
2025-02-03 09:00:00,1.31336658,4.4735473,104.98831697
2025-02-03 10:00:00,0.19218922,7.3815068,-105.19187541
2025-02-03 11:00:00,0.28463842,1.48691833,6.440445629999999
2025-02-03 12:00:00,1.61086013,7.48033637,-0.3706998199999987
2025-02-03 13:00:00,1.76424127,1.29884944,185.73196361
2025-02-03 14:00:00,0.8559675,2.24091772,34.98862146
2025-02-03 15:00:00,0.54531967,3.09372245,25.02030631
2025-02-03 16:00:00,1.20372877,6.24242825,-41.482688640000006
2025-02-03 17:00:00,0.08494192,4.18201013,-60.05172309
2025-02-03 18:00:00,0.23715794,1.41242366,-1.728879980000002
2025-02-03 19:00:00,1.17199923,15.14268166,-151.85234975
2025-02-03 20:00:00,0.0,0.0,0.0
2025-02-03 21:00:00,1.52913679,21.07948869,-364.89871745999994
2025-02-03 22:00:00,1.6723287,3.08982344,113.43170177
2025-02-03 23:00:00,0.66369853,4.30902415,-5.546127619999993
2025-02-04 00:00:00,0.94994167,1.71390219,91.89825357
2025-02-04 01:00:00,1.36702865,7.29273537,32.79144447
2025-02-04 02:00:00,1.39123937,28.92016233,-161.20760118000004
2025-02-04 03:00:00,0.61085386,0.92765053,71.87609959
2025-02-04 04:00:00,0.47033266,8.81130687,-43.55647988
2025-02-04 05:00:00,2.46514206,7.4453146,157.12054217999997
2025-02-04 06:00:00,2.02850473,0.43240649,72.75911484
2025-02-04 07:00:00,1.20035194,3.95854709,58.12840588
2025-02-04 08:00:00,1.36324966,7.46574157,13.95381248999999
2025-02-04 09:00:00,1.20452495,5.95779722,40.1006587
2025-02-04 10:00:00,0.71386707,1.45908345,35.28581258
2025-02-04 11:00:00,0.24578168,0.322262,13.59969603
2025-02-04 12:00:00,0.46597184,4.39859543,-6.913055899999996
2025-02-04 13:00:00,0.1436757,4.16416128,-42.64004036
2025-02-04 14:00:00,0.25239437,5.66042106,-69.83349433
2025-02-04 15:00:00,0.49911911,13.06885749,-159.59716728
2025-02-04 16:00:00,2.9432721,6.97806795,151.06235383
2025-02-04 17:00:00,3.71713719,1.02433863,234.70745069
2025-02-04 18:00:00,1.20592215,5.80945202,-15.11173866
2025-02-04 19:00:00,0.20285322,3.97565751,-33.265272190000005
2025-02-04 20:00:00,0.20944947,8.99368778,-23.21097279
2025-02-04 21:00:00,0.96053405,8.45259004,-99.31670036
2025-02-04 22:00:00,1.72450569,3.00491707,35.53391702
2025-02-04 23:00:00,1.21486001,0.00561302,14.57270705
2025-02-05 00:00:00,0.50619903,0.2027554,28.03956507
2025-02-05 01:00:00,0.2235159,1.41072325,-1.2386691499999998
2025-02-05 02:00:00,0.26969749,1.55730167,-0.17409546999999925
2025-02-05 03:00:00,0.29574544,2.74704816,-6.26214912
2025-02-05 04:00:00,0.54361705,2.76833332,14.36706016
2025-02-05 05:00:00,0.56757904,1.43643759,51.439813310000005
2025-02-05 06:00:00,0.80562665,18.2257398,-123.64493351
2025-02-05 07:00:00,0.59459122,1.52810094,42.05542011
2025-02-05 08:00:00,0.55888558,3.35531433,16.18367111
2025-02-05 09:00:00,0.28280161,1.41816074,16.331898229999997
2025-02-05 10:00:00,0.31129939,0.79012292,7.448718169999999
2025-02-05 11:00:00,1.25825636,7.69656043,-18.562666719999996
2025-02-05 12:00:00,0.45015478,2.20354269,-1.1866132200000017
2025-02-05 13:00:00,0.55777268,8.74387797,-66.62070584
2025-02-05 14:00:00,1.08474001,5.6452486,-7.020545469999988
2025-02-05 15:00:00,0.32435078,3.23390718,-30.325762379999997
2025-02-05 16:00:00,0.44913535,1.89390294,-3.938495259999996
2025-02-05 17:00:00,0.54048773,0.78646012,35.1769881
2025-02-05 18:00:00,0.79903181,1.57904967,24.351233199999996
2025-02-05 19:00:00,0.83670155,0.57893536,42.73933611
2025-02-05 20:00:00,0.81638227,1.95950114,4.731710939999999
2025-02-05 21:00:00,0.29325341,1.06495803,-1.51249577
2025-02-05 22:00:00,0.84047018,4.52777663,-35.084500479999996
2025-02-05 23:00:00,0.31078883,0.56740433,7.4332609
2025-02-06 00:00:00,0.39407772,0.58833642,34.5123825
2025-02-06 01:00:00,0.09516214,0.66602032,-0.95058958
2025-02-06 02:00:00,0.21200524,0.5565618,16.16472696
2025-02-06 03:00:00,0.23914009,2.70746132,-8.49860679
2025-02-06 04:00:00,1.06872775,13.13269876,-80.64398715000002
2025-02-06 05:00:00,0.22067062,0.26061408,10.83381394
2025-02-06 06:00:00,0.6639599,9.39069623,-91.5397395
2025-02-06 07:00:00,1.87158816,4.04209762,56.38182567000001
2025-02-06 08:00:00,0.16682302,2.85710915,-19.813942380000004
2025-02-06 09:00:00,4.51128458,3.01536583,287.10865241
2025-02-06 10:00:00,1.64123881,10.39333833,-28.97525872
2025-02-06 11:00:00,0.25184566,2.63202506,-9.258896789999998
2025-02-06 12:00:00,2.39696538,9.64231109,18.30452992000002
2025-02-06 13:00:00,1.37656592,10.29881194,-5.150209249999989
2025-02-06 14:00:00,0.27668498,0.59830453,16.38350316
2025-02-06 15:00:00,0.35192137,6.71676106,-114.97954593
2025-02-06 16:00:00,2.45781125,11.83229518,126.82740582
2025-02-06 17:00:00,0.41948483,14.24663356,-177.62380819999998
2025-02-06 18:00:00,0.14585922,2.57616301,-20.55795177
2025-02-06 19:00:00,1.08786858,0.37080521,39.73304984
2025-02-06 20:00:00,0.6390802,8.44741731,-83.75351149
2025-02-06 21:00:00,0.10788575,3.41617122,-34.197252309999996
2025-02-06 22:00:00,0.41195653,1.22317951,3.384482649999999
2025-02-06 23:00:00,0.06914231,0.77792704,-7.7969361
2025-02-07 00:00:00,0.34836739,0.39186365,10.49491538
2025-02-07 01:00:00,0.03900663,0.40875048,-3.0464573
2025-02-07 02:00:00,0.67996615,0.37829648,61.41715851
2025-02-07 03:00:00,0.43685849,7.71724376,-55.47395337
2025-02-07 04:00:00,1.10446306,2.70146021,3.537224469999998
2025-02-07 05:00:00,0.19046763,1.82274794,-1.003463919999998
2025-02-07 06:00:00,0.18280303,0.58629529,10.0721688
2025-02-07 07:00:00,0.23742305,4.56225586,-35.80444376
2025-02-07 08:00:00,0.41855435,2.83537339,-1.7012887800000058
2025-02-07 09:00:00,0.73256622,1.64565344,41.42667912
2025-02-07 10:00:00,0.53045386,0.73134156,24.112040889999996
2025-02-07 11:00:00,2.5681624,0.31110394,217.51915402
2025-02-07 12:00:00,5.04103695,4.49965343,568.75862184
2025-02-07 13:00:00,0.48394462,6.39394172,-19.519173920000007
2025-02-07 14:00:00,1.75560756,4.94993137,119.81853504
2025-02-07 15:00:00,1.19592881,0.52808628,145.40616683
2025-02-07 16:00:00,1.43320681,1.54252829,145.76183619
2025-02-07 17:00:00,0.92171491,0.23448921,71.10908551
2025-02-07 18:00:00,0.2881178,0.28091384,9.31342106
2025-02-07 19:00:00,0.26855593,2.07938355,-6.813528310000002
2025-02-07 20:00:00,0.36808161,12.4593005,-145.40723428
2025-02-07 21:00:00,0.32180635,0.0923836,13.87925605
2025-02-07 22:00:00,0.04665583,0.49624948,-5.6538562500000005
2025-02-07 23:00:00,0.04280425,0.84617247,-9.02133428
2025-02-08 00:00:00,0.12932494,5.05044714,-44.95027341
2025-02-08 01:00:00,0.06057794,0.43554628,1.87563891
2025-02-08 02:00:00,0.09086786,1.61045337,-4.7865833900000005
2025-02-08 03:00:00,0.21208188,7.17704996,-29.24324388
2025-02-08 04:00:00,0.26734753,1.16180227,9.050260280000002
2025-02-08 05:00:00,0.06354217,2.23942132,-23.56886293
2025-02-08 06:00:00,0.2724963,1.03175809,5.6618860600000005
2025-02-08 07:00:00,0.43250436,0.52948462,67.88755823000001
2025-02-08 08:00:00,0.07825558,3.7097891,-34.2659883
2025-02-08 09:00:00,0.26937749,0.3873561,19.359743799999997
2025-02-08 10:00:00,0.73515893,2.84553689,11.05301583
2025-02-08 11:00:00,0.20208384,1.88936979,-10.55716937
2025-02-08 12:00:00,0.20049026,0.86706848,3.89509402
2025-02-08 13:00:00,0.55788141,0.33190557,30.15382865
2025-02-08 14:00:00,0.88021555,0.92449908,52.19296374
2025-02-08 15:00:00,0.3099163,0.69927514,17.25230842
2025-02-08 16:00:00,0.04632718,2.12913534,-14.67039677
2025-02-08 17:00:00,0.11966813,2.27820476,-29.39536659
2025-02-08 18:00:00,0.15066914,0.38130474,2.64719808
2025-02-08 19:00:00,4.64457934,5.08193344,107.09636304
2025-02-08 20:00:00,0.17615932,0.81445188,-2.7270499
2025-02-08 21:00:00,0.21635676,0.03085595,1.0200718800000002
2025-02-08 22:00:00,0.01528005,2.72522706,-37.48085674
2025-02-08 23:00:00,0.32259867,1.13931579,-6.10094114
2025-02-09 00:00:00,0.69576938,2.18316055,38.79618298
2025-02-09 01:00:00,0.06809832,2.08421321,-18.77234778
2025-02-09 02:00:00,0.10495614,13.15348773,-99.35035774
2025-02-09 03:00:00,0.83456376,9.33431925,-87.74550795
2025-02-09 04:00:00,0.27468369,0.46546825,11.55165542
2025-02-09 05:00:00,0.12559275,0.73462866,0.8361699900000001
2025-02-09 06:00:00,0.19633033,1.13532143,22.34725402
2025-02-09 07:00:00,0.07458392,1.05388026,-7.182526360000001
2025-02-09 08:00:00,0.23307605,7.53882549,-105.16589643
2025-02-09 09:00:00,0.18873171,0.37169511,12.1538177
2025-02-09 10:00:00,0.18592417,0.78054226,-0.5560762599999998
2025-02-09 11:00:00,0.30237577,0.65882868,21.68270672
2025-02-09 12:00:00,0.08864654,1.19207636,-5.9417740000000006
2025-02-09 13:00:00,0.62018601,0.95395439,51.47775207
2025-02-09 14:00:00,1.41369117,0.71933597,67.73227216
2025-02-09 15:00:00,0.18726963,5.13323843,-55.30865204999999
2025-02-09 16:00:00,0.17560081,0.31664533,4.41893782
2025-02-09 17:00:00,1.40588498,5.42973059,50.70722891000001
2025-02-09 18:00:00,0.96755224,3.22968687,9.29433925
2025-02-09 19:00:00,0.12417869,3.03655697,-35.433612000000004
2025-02-09 20:00:00,1.5161255,4.08763216,-0.996314339999998
2025-02-09 21:00:00,1.48651029,2.73749119,34.27859815
2025-02-09 22:00:00,3.06629828,0.81329264,58.699215429999995
2025-02-09 23:00:00,0.3720998,0.49767984,11.27465293
2025-02-10 00:00:00,0.24562209,2.99034175,-12.058757969999997
2025-02-10 01:00:00,0.12605795,2.6742592,-26.193429370000004
2025-02-10 02:00:00,0.61571745,3.58990177,10.895508639999996
2025-02-10 03:00:00,0.52519024,4.47146362,-11.642344629999997
2025-02-10 04:00:00,0.50184086,0.7548776,19.04032436
2025-02-10 05:00:00,0.8298206,5.07642971,14.254228059999996
2025-02-10 06:00:00,0.37312806,1.86968377,9.632590979999996
2025-02-10 07:00:00,0.62927539,1.19471642,24.742311249999997
2025-02-10 08:00:00,0.28340153,7.04233571,-39.77328925999999
2025-02-10 09:00:00,0.76119977,2.49769778,13.534917919999998
2025-02-10 10:00:00,0.257852,1.02774748,16.56109642
2025-02-10 11:00:00,1.39878417,1.00961795,69.17194686
2025-02-10 12:00:00,0.40692968,20.05711778,-236.85124365
2025-02-10 13:00:00,0.39064489,1.04857793,22.80124333
2025-02-10 14:00:00,1.16054935,4.9577274,38.62447633000001
2025-02-10 15:00:00,1.30280818,15.66356389,-39.23357416
2025-02-10 16:00:00,0.46435931,6.70605958,-77.62008357
2025-02-10 17:00:00,0.20884878,3.15979557,-33.612913729999995
2025-02-10 18:00:00,0.19703913,0.62087767,3.4163802199999997
2025-02-10 19:00:00,0.79445699,0.38522631,36.27981711
2025-02-10 20:00:00,0.99195407,9.96682479,-119.93288591
2025-02-10 21:00:00,0.02272765,17.55781067,-209.4891624
2025-02-10 22:00:00,0.44240519,1.68933989,11.13869018
2025-02-10 23:00:00,2.36809308,4.67736568,38.0659507
2025-02-11 00:00:00,0.07417131,2.44481337,-29.400572170000004
2025-02-11 01:00:00,1.02939288,1.04724618,69.87374291
2025-02-11 02:00:00,0.11410225,0.85807188,-4.874700809999999
2025-02-11 03:00:00,0.57510624,7.67727446,-36.14109501000001
2025-02-11 04:00:00,0.56146124,20.46486371,-155.54925013
2025-02-11 05:00:00,0.60060603,6.6058053,-25.81486632
2025-02-11 06:00:00,0.24671122,5.42229141,-68.73067735000001
2025-02-11 07:00:00,0.29929653,0.47617041,23.20881569
2025-02-11 08:00:00,0.43010812,0.60334522,24.05620794
2025-02-11 09:00:00,0.33039389,0.98839756,5.358688909999998
2025-02-11 10:00:00,0.29332816,0.91856745,9.27866398
2025-02-11 11:00:00,0.09476401,22.9834285,-315.13451817
2025-02-11 12:00:00,0.11201208,1.79605778,-12.47585071
2025-02-11 13:00:00,1.68790949,0.89309864,118.26046079
2025-02-11 14:00:00,0.53367801,3.18934427,14.574715289999991
2025-02-11 15:00:00,4.81711999,4.58640525,42.22839567
2025-02-11 16:00:00,0.3754123,1.48322155,17.169967789999998
2025-02-11 17:00:00,0.52193733,0.82277699,40.97569442
2025-02-11 18:00:00,0.22808485,2.42064939,-17.923151660000002
2025-02-11 19:00:00,0.33957229,4.48471172,-35.81920898
2025-02-11 20:00:00,0.56520077,6.82579683,-53.17109804
2025-02-11 21:00:00,0.88117207,6.08511448,-21.913393599999992
2025-02-11 22:00:00,0.44899288,1.66469163,-0.8218590800000003
2025-02-11 23:00:00,0.18588768,1.51305709,-10.90286694
2025-02-12 00:00:00,0.11558146,2.85844488,-20.431563639999997
2025-02-12 01:00:00,1.56057494,0.36822429,108.67915284
2025-02-12 02:00:00,0.02752279,3.8986069,-48.42502101
2025-02-12 03:00:00,0.285433,15.28787333,-230.20881483
2025-02-12 04:00:00,0.25698301,0.07857608,5.753457
2025-02-12 05:00:00,0.59219753,1.87786067,26.298852360000005
2025-02-12 06:00:00,0.21002636,1.02686154,1.7028870099999995
2025-02-12 07:00:00,0.61361079,4.77971054,3.035682989999998
2025-02-12 08:00:00,1.10030486,6.08000568,-15.335708069999995
2025-02-12 09:00:00,1.74536637,2.93975021,33.89425086
2025-02-12 10:00:00,0.11987124,0.90636768,-0.7166903099999988
2025-02-12 11:00:00,0.38045813,0.55176126,30.98647262
2025-02-12 12:00:00,0.13337744,0.73635593,5.285057309999999
2025-02-12 13:00:00,0.6288865,2.63320408,-2.588477939999997
2025-02-12 14:00:00,1.13080291,0.47696468,95.62537675
2025-02-12 15:00:00,0.20811567,7.56850783,-155.00538269
2025-02-12 16:00:00,0.04977634,2.15118987,-35.24788131
2025-02-12 17:00:00,0.38102198,2.21025595,-21.190406090000003
2025-02-12 18:00:00,0.44339289,0.61939004,26.0891821
2025-02-12 19:00:00,0.72453548,1.46881451,38.71030087999999
2025-02-12 20:00:00,0.29965564,1.16298772,-9.06903478
2025-02-12 21:00:00,0.31304789,1.75098913,-9.232952920000002
2025-02-12 22:00:00,0.88983461,2.33308214,15.073366850000006
2025-02-12 23:00:00,0.23343728,1.84489344,-21.79226016
2025-02-13 00:00:00,0.18942678,0.55313645,8.145095299999998
2025-02-13 01:00:00,0.11972357,0.35484009,1.87380457
2025-02-13 02:00:00,0.10409182,2.02037747,-24.751143050000003
2025-02-13 03:00:00,0.2781961,2.84503878,-12.289129120000002
2025-02-13 04:00:00,0.30101303,2.19007283,-16.658215240000004
2025-02-13 05:00:00,0.43607406,1.16546303,17.65831122
2025-02-13 06:00:00,1.45095735,6.97963487,-32.146655730000006
2025-02-13 07:00:00,0.34044529,3.28214104,-33.05589503
2025-02-13 08:00:00,0.27493316,0.48630476,12.35280637
2025-02-13 09:00:00,1.54756758,0.85248403,135.75279007
2025-02-13 10:00:00,1.25526601,2.65108596,53.81644526000001
2025-02-13 11:00:00,0.15024218,1.3567824,-7.73139289
2025-02-13 12:00:00,0.63290725,8.23153372,-38.00809036
2025-02-13 13:00:00,0.43144152,0.88790698,49.571762199999995
2025-02-13 14:00:00,0.88972359,4.30053832,5.9294143099999985
2025-02-13 15:00:00,1.15212548,2.26943174,102.39679970999998
2025-02-13 16:00:00,0.38147583,2.85025112,-37.93123097
2025-02-13 17:00:00,1.31731009,5.87217844,1.7630458699999991
2025-02-13 18:00:00,0.23665022,2.2039011,-19.1556997
2025-02-13 19:00:00,1.39331348,0.05119421,75.96671667
2025-02-13 20:00:00,0.78510253,1.77602323,52.449188500000005
2025-02-13 21:00:00,3.02209913,1.70510369,81.7493472
2025-02-13 22:00:00,1.07492919,3.02972562,34.2939376
2025-02-13 23:00:00,1.14891611,2.77911779,33.95535123
2025-02-14 00:00:00,0.33475995,0.4038083,29.96933508
2025-02-14 01:00:00,0.43087064,0.38879611,23.72983442
2025-02-14 02:00:00,0.23112868,0.43748996,19.17545795
2025-02-14 03:00:00,0.63756036,6.55922983,-32.16885185
2025-02-14 04:00:00,0.7063508,0.41352637,83.26225166
2025-02-14 05:00:00,0.30583519,0.27803763,35.28217438
2025-02-14 06:00:00,0.50723589,0.91258393,41.092717189999995
2025-02-14 07:00:00,0.60244684,0.58973285,52.60358528
2025-02-14 08:00:00,1.37191498,0.92137807,103.26294308
2025-02-14 09:00:00,0.23953913,0.57795728,16.200928830000002
2025-02-14 10:00:00,0.78291125,0.99101929,45.78557177
2025-02-14 11:00:00,1.00960731,1.4351989,119.07460008
2025-02-14 12:00:00,0.27565494,3.54090763,-21.8593779
2025-02-14 13:00:00,0.17130128,5.83074333,-55.92221517
2025-02-14 14:00:00,0.52762132,2.88010531,13.055527220000002
2025-02-14 15:00:00,1.74713365,4.8595631,146.86355589
2025-02-14 16:00:00,0.48198748,8.02824027,-31.42146787999999
2025-02-14 17:00:00,1.42223434,0.29237809,102.86666043
2025-02-14 18:00:00,0.96885904,0.77784519,76.90810214
2025-02-14 19:00:00,0.23643882,4.40847332,-78.46032078
2025-02-14 20:00:00,0.68705443,105.21865436,-504.1075299900001
2025-02-14 21:00:00,1.0104962,2.47872962,28.78637426000001
2025-02-14 22:00:00,1.24761465,1.96848597,72.77711148
2025-02-14 23:00:00,1.17801034,8.1014053,-14.900807139999998
2025-02-15 00:00:00,0.06577585,3.74490294,-27.5211962
2025-02-15 01:00:00,0.04914475,0.57436107,-3.2218524399999997
2025-02-15 02:00:00,0.05758168,2.19487653,-18.55821872
2025-02-15 03:00:00,0.45896431,1.87355857,22.99901378000001
2025-02-15 04:00:00,0.07217831,0.43993584,0.9143725800000002
2025-02-15 05:00:00,0.29361252,0.52049443,2.7492838099999997
2025-02-15 06:00:00,0.15469198,0.66818962,8.589615340000002
2025-02-15 07:00:00,0.10686284,3.21569597,-47.19624302
2025-02-15 08:00:00,0.20188759,1.74377152,3.026147889999997
2025-02-15 09:00:00,0.07289723,1.06766963,-9.06848827
2025-02-15 10:00:00,0.13353862,0.36326869,7.6592517
2025-02-15 11:00:00,0.04795758,0.43393777,-4.30997659
2025-02-15 12:00:00,0.34665286,0.38414896,24.62154088
2025-02-15 13:00:00,0.06651486,0.25611634,0.6713223199999998
2025-02-15 14:00:00,0.22549908,1.76720076,-1.5464495100000004
2025-02-15 15:00:00,0.17345047,2.26674424,-43.53392294999999
2025-02-15 16:00:00,0.18130083,1.24528316,-4.876561619999999
2025-02-15 17:00:00,0.24610735,0.09606461,13.57157933
2025-02-15 18:00:00,0.09197707,0.09692311,5.3376186
2025-02-15 19:00:00,0.01333227,0.6009737,-5.35645559
2025-02-15 20:00:00,0.77485777,7.10515496,-41.09496644
2025-02-15 21:00:00,0.37544939,0.17318014,13.83480362
2025-02-15 22:00:00,0.05822204,0.0473142,2.09953561
2025-02-15 23:00:00,0.61109012,0.4847151,10.91481709
2025-02-16 00:00:00,0.23388429,0.16566152,20.72805377
2025-02-16 01:00:00,0.23455195,0.08319749,7.089675059999999
2025-02-16 02:00:00,0.98185334,0.66047154,95.13352686
2025-02-16 03:00:00,0.32322861,0.49062689,19.46857161
2025-02-16 04:00:00,0.67517525,0.05758255,76.27898777
2025-02-16 05:00:00,0.45966345,2.17885548,15.56364603
2025-02-16 06:00:00,0.07527215,0.36799927,1.7396018300000002
2025-02-16 07:00:00,0.23931512,0.40916944,15.77905621
2025-02-16 08:00:00,0.92542064,1.33146356,53.022942019999995
2025-02-16 09:00:00,0.66365225,3.48953634,42.23812451
2025-02-16 10:00:00,0.29852561,0.99274627,2.999290629999999
2025-02-16 11:00:00,0.18026331,0.28064948,21.44701597
2025-02-16 12:00:00,0.36137044,1.65646041,4.935861889999998
2025-02-16 13:00:00,0.05846741,0.21029155,0.80914376
2025-02-16 14:00:00,0.5479318,0.88419949,23.149713660000003
2025-02-16 15:00:00,1.43861793,0.06679632,25.49434486
2025-02-16 16:00:00,0.04613176,0.72554534,-11.40751561
2025-02-16 17:00:00,0.45577508,3.76060545,-8.323888330000003
2025-02-16 18:00:00,0.44918477,2.99587568,0.7381568499999993
2025-02-16 19:00:00,0.22860717,1.41326973,1.5367911200000002
2025-02-16 20:00:00,0.41146735,0.80584464,5.108508710000001
2025-02-16 21:00:00,0.64519524,1.84703629,-0.5187948699999971
2025-02-16 22:00:00,0.83218323,2.55117041,10.27217458
2025-02-16 23:00:00,0.67804036,2.93086703,-1.9464264799999995
2025-02-17 00:00:00,0.38570973,0.93372806,7.63394766
2025-02-17 01:00:00,0.1509969,1.43507053,-2.1984543499999987
2025-02-17 02:00:00,0.15897044,0.04597475,7.806715350000001
2025-02-17 03:00:00,0.24484271,0.8707663,19.583557309999996
2025-02-17 04:00:00,0.31035491,0.42459326,33.07853506
2025-02-17 05:00:00,0.19068837,5.62836592,-44.36869482
2025-02-17 06:00:00,0.37143338,4.16540299,-28.76024265
2025-02-17 07:00:00,1.57385257,0.78094704,118.87968211
2025-02-17 08:00:00,0.22123233,3.46106159,-39.44825797
2025-02-17 09:00:00,0.08429625,1.08122746,-6.42542259
2025-02-17 10:00:00,0.07249722,0.88589297,-4.935287809999999
2025-02-17 11:00:00,0.11786634,0.36031269,4.155910779999999
2025-02-17 12:00:00,0.5366247,3.827008,12.356091319999996
2025-02-17 13:00:00,0.51911657,1.71476149,11.246384890000002
2025-02-17 14:00:00,0.0555435,2.12238954,-21.41399929
2025-02-17 15:00:00,0.39697057,0.78778009,27.49570728
2025-02-17 16:00:00,0.58835614,3.93900749,-7.589057089999997
2025-02-17 17:00:00,0.1771137,2.49456736,-17.182621949999998
2025-02-17 18:00:00,0.73855378,6.37534586,-33.59167054000001
2025-02-17 19:00:00,1.03667868,2.29823377,-4.18494845
2025-02-17 20:00:00,0.27803279,1.73902419,-3.281397380000002
2025-02-17 21:00:00,0.37677745,2.80844543,-6.608139789999999
2025-02-17 22:00:00,0.91557969,4.3829913,0.8975404700000027
2025-02-17 23:00:00,1.66767284,7.10031797,5.229310810000001
2025-02-18 00:00:00,0.30639669,2.85457065,6.883913829999997
2025-02-18 01:00:00,0.06025397,1.14854004,-8.0620678
2025-02-18 02:00:00,0.2232938,0.63946904,20.68468403
2025-02-18 03:00:00,1.09175056,1.03343176,222.79174059
2025-02-18 04:00:00,1.37565227,0.91524928,41.73552771000001
2025-02-18 05:00:00,0.33232894,2.32099877,-3.5707570400000037
2025-02-18 06:00:00,0.42599747,2.20489838,7.1201084800000025
2025-02-18 07:00:00,0.69371514,3.8369113,21.769323939999992
2025-02-18 08:00:00,6.79036652,1.3327825,599.2643983400001
2025-02-18 09:00:00,0.21428239,0.72116193,6.4404682000000015
2025-02-18 10:00:00,0.31013076,1.68428951,-4.533498989999998
2025-02-18 11:00:00,0.09520677,0.75194441,-3.68204395
2025-02-18 12:00:00,0.68907827,4.4217569,22.39195909
2025-02-18 13:00:00,0.65652535,0.49182229,49.08384567
2025-02-18 14:00:00,0.16980983,5.79746074,-68.62244915
2025-02-18 15:00:00,0.18601918,2.44843986,-23.42378855
2025-02-18 16:00:00,0.52850886,1.48583052,15.46609173
2025-02-18 17:00:00,0.23881072,2.84821948,-23.32709671
2025-02-18 18:00:00,0.08779197,9.05310954,-67.8596937
2025-02-18 19:00:00,1.21188809,4.22384034,-5.044833220000001
2025-02-18 20:00:00,2.27935965,6.1406404,14.833253440000007
2025-02-18 21:00:00,0.81988487,2.54395124,15.38613803
2025-02-18 22:00:00,0.96023541,5.86566628,-25.46543903
2025-02-18 23:00:00,0.21331809,1.20095323,0.2839618099999992
2025-02-19 00:00:00,0.06828569,1.69794623,-8.24808945
2025-02-19 01:00:00,0.16754036,1.86383538,-14.74273341
2025-02-19 02:00:00,0.1845366,2.88433449,-11.24411634
2025-02-19 03:00:00,0.54340232,2.27183368,12.406365479999998
2025-02-19 04:00:00,0.7532718,0.36122072,63.79020415
2025-02-19 05:00:00,0.35410011,0.94046223,35.57750588
2025-02-19 06:00:00,0.43999221,1.24803281,18.39107045
2025-02-19 07:00:00,0.31267544,3.68624596,-13.83957409
2025-02-19 08:00:00,0.14684519,1.53244403,1.92043947
2025-02-19 09:00:00,0.26680484,1.60948395,-10.31168178
2025-02-19 10:00:00,0.07213972,1.1203111,-0.08072176999999936
2025-02-19 11:00:00,0.72548389,2.28074334,69.83680491999999
2025-02-19 12:00:00,0.64996754,5.5472524,-0.6178515200000021
2025-02-19 13:00:00,0.22055772,3.63262112,-25.38886013
2025-02-19 14:00:00,4.22821851,0.55888699,100.99148944
2025-02-19 15:00:00,0.51268208,0.60208305,34.45732966
2025-02-19 16:00:00,0.19781452,5.05804346,-65.32889461
2025-02-19 17:00:00,0.24743104,3.88652221,-50.55509635
2025-02-19 18:00:00,0.58150594,3.11425656,-1.524437049999996
2025-02-19 19:00:00,0.85215444,0.10357166,45.62563453
2025-02-19 20:00:00,1.44542761,4.05382464,69.87916823
2025-02-19 21:00:00,0.0517621,1.89781873,-17.11475155
2025-02-19 22:00:00,0.07226137,0.21292156,2.78069527
2025-02-19 23:00:00,0.6679805,0.62742186,19.77702092
2025-02-20 00:00:00,0.04249016,2.05712184,-22.42618176
2025-02-20 01:00:00,0.18426586,0.68557258,4.590455179999999
2025-02-20 02:00:00,1.08189003,0.64723091,50.6457749
2025-02-20 03:00:00,1.0027163,5.47341124,51.26009961999999
2025-02-20 04:00:00,0.22771334,0.87431857,17.134560290000003
2025-02-20 05:00:00,0.88230381,4.65214458,27.35144847
2025-02-20 06:00:00,0.16988146,1.05133067,4.244010189999997
2025-02-20 07:00:00,0.25465627,3.48288077,-10.04484222
2025-02-20 08:00:00,0.04619551,0.1019538,4.92217592
2025-02-20 09:00:00,2.24286762,4.3044987,241.73117122999997
2025-02-20 10:00:00,0.96675558,4.94655865,1.772459100000006
2025-02-20 11:00:00,1.28284666,4.06161145,13.272281090000009
2025-02-20 12:00:00,0.11817724,0.49410127,3.43835579
2025-02-20 13:00:00,0.7450311,9.97471168,-105.28748289
2025-02-20 14:00:00,0.74076437,7.41327977,-19.36695942999999
2025-02-20 15:00:00,0.41461025,22.14046695,-219.08313168
2025-02-20 16:00:00,0.41602118,3.44932351,-16.378052089999997
2025-02-20 17:00:00,0.73861296,2.39103367,19.667828160000003
2025-02-20 18:00:00,0.14701722,8.22586598,-109.42135382
2025-02-20 19:00:00,0.19326323,2.94831689,-28.71432671
2025-02-20 20:00:00,0.2016529,20.09736124,-326.73282673
2025-02-20 21:00:00,0.22277557,2.82643529,-27.02501486
2025-02-20 22:00:00,0.58619111,8.71849887,-54.94447765
2025-02-20 23:00:00,0.86306933,3.69184839,14.386533490000003
2025-02-21 00:00:00,0.1012443,1.55758567,-5.529268740000001
2025-02-21 01:00:00,0.05322832,1.0407705,-2.39402397
2025-02-21 02:00:00,0.08349333,1.77986801,-12.204626899999996
2025-02-21 03:00:00,0.38075184,0.9365014,27.279432219999997
2025-02-21 04:00:00,0.27401138,0.61000601,17.0310355
2025-02-21 05:00:00,0.72605276,1.63000509,39.44256646
2025-02-21 06:00:00,0.66820008,0.61254828,61.91924299000001
2025-02-21 07:00:00,0.67336175,1.35974402,26.05278016
2025-02-21 08:00:00,0.48366043,0.71851143,62.55969598
2025-02-21 09:00:00,0.62494032,1.76063278,16.03245072
2025-02-21 10:00:00,0.10491272,2.44458246,-36.55368147
2025-02-21 11:00:00,0.06788282,1.70088967,-24.7742723
2025-02-21 12:00:00,0.12829707,1.01915965,-0.4033271599999963
2025-02-21 13:00:00,2.34422989,4.3223922,299.61795298000004
2025-02-21 14:00:00,0.03480427,3.56359815,-64.55473904
2025-02-21 15:00:00,0.89267511,7.8505244,-88.77499422
2025-02-21 16:00:00,1.40817514,19.28630369,-194.21425446
2025-02-21 17:00:00,0.71934354,1.87600334,29.22359379
2025-02-21 18:00:00,0.64151714,4.15524033,-27.26357280000001
2025-02-21 19:00:00,1.42502221,28.80346088,-310.92502534000005
2025-02-21 20:00:00,1.38559604,13.8469317,-130.11059756
2025-02-21 21:00:00,1.28117396,3.68223572,6.110643690000003
2025-02-21 22:00:00,0.32710946,2.21947572,-3.3386463400000004
2025-02-21 23:00:00,0.28660314,9.52290979,-116.41115163
2025-02-22 00:00:00,0.18442222,3.03244575,-28.97037637
2025-02-22 01:00:00,1.05356713,2.22598349,60.48049568
2025-02-22 02:00:00,0.56168715,1.98316139,16.97615095
2025-02-22 03:00:00,5.126899,2.56403512,525.48899269
2025-02-22 04:00:00,1.15981808,4.80476936,45.40241830999999
2025-02-22 05:00:00,0.85041138,2.95684221,27.893138549999996
2025-02-22 06:00:00,0.62642962,4.53297764,-11.433480160000002
2025-02-22 07:00:00,2.07669616,1.31762205,112.38514923
2025-02-22 08:00:00,1.18307252,3.79945592,11.125890490000003
2025-02-22 09:00:00,1.17894085,8.57893371,-19.16895674
2025-02-22 10:00:00,1.21801865,6.26167219,32.74885717000001
2025-02-22 11:00:00,0.75541264,1.43530172,21.75556545
2025-02-22 12:00:00,0.80067845,4.04350196,0.19903264999999948
2025-02-22 13:00:00,0.31355784,2.81384333,-16.495907020000004
2025-02-22 14:00:00,0.08459626,4.59005465,-81.37389657
2025-02-22 15:00:00,4.54732152,1.74425089,311.77023725
2025-02-22 16:00:00,0.55604277,5.84084392,-43.129237100000005
2025-02-22 17:00:00,1.21111136,1.99817241,18.59394726999999
2025-02-22 18:00:00,0.07617626,5.20323561,-67.36060785
2025-02-22 19:00:00,0.34491946,6.52585993,-97.83267936
