v,timestamp
1309982185.0886035,2025-01-12 04:00:00
586689294.5916985,2025-01-12 05:00:00
1170086534.8899963,2025-01-12 06:00:00
952424882.5089326,2025-01-12 07:00:00
3094268850.6247926,2025-01-12 08:00:00
1138008957.3212738,2025-01-12 09:00:00
1330519418.236043,2025-01-12 10:00:00
1540126963.9456291,2025-01-12 11:00:00
2343619820.861982,2025-01-12 12:00:00
2553435767.422587,2025-01-12 13:00:00
1431549281.2313178,2025-01-12 14:00:00
2051439819.9873877,2025-01-12 15:00:00
1217429787.2050505,2025-01-12 16:00:00
3159004093.5265136,2025-01-12 17:00:00
1634993830.2002246,2025-01-12 18:00:00
2632932062.595772,2025-01-12 19:00:00
1480906969.862805,2025-01-12 20:00:00
1402967534.130137,2025-01-12 21:00:00
1638135759.158376,2025-01-12 22:00:00
1396956614.4959044,2025-01-12 23:00:00
2473674768.510319,2025-01-13 00:00:00
2262963212.33321,2025-01-13 01:00:00
1352988275.592996,2025-01-13 02:00:00
934126648.679192,2025-01-13 03:00:00
1510868585.310676,2025-01-13 04:00:00
2416019987.0415673,2025-01-13 05:00:00
496551861.390724,2025-01-13 06:00:00
2116316831.3439877,2025-01-13 07:00:00
4706485375.14447,2025-01-13 08:00:00
2119269897.9357612,2025-01-13 09:00:00
1748451303.3785963,2025-01-13 10:00:00
2542604602.509694,2025-01-13 11:00:00
1150001517.272506,2025-01-13 12:00:00
2690733700.635003,2025-01-13 13:00:00
662788820.8744411,2025-01-13 14:00:00
7163347133.166566,2025-01-13 15:00:00
2549687734.6121583,2025-01-13 16:00:00
3316324374.4510617,2025-01-13 17:00:00
1761546844.2876077,2025-01-13 18:00:00
1910462059.5551217,2025-01-13 19:00:00
4234132039.2329464,2025-01-13 20:00:00
3548966894.0941634,2025-01-13 21:00:00
3698529612.225341,2025-01-13 22:00:00
2165020852.3022523,2025-01-13 23:00:00
5576502649.347942,2025-01-14 00:00:00
2975841817.475064,2025-01-14 01:00:00
4818817272.701675,2025-01-14 02:00:00
2427317049.8287807,2025-01-14 03:00:00
3639601658.848257,2025-01-14 04:00:00
2562229124.805788,2025-01-14 05:00:00
3913157720.4883714,2025-01-14 06:00:00
3140867868.612612,2025-01-14 07:00:00
1682856438.123566,2025-01-14 08:00:00
2330493329.424925,2025-01-14 09:00:00
2262725262.292573,2025-01-14 10:00:00
2763036994.560342,2025-01-14 11:00:00
1808374261.9762492,2025-01-14 12:00:00
2697903208.609181,2025-01-14 13:00:00
2032102520.098844,2025-01-14 14:00:00
6341586769.315958,2025-01-14 15:00:00
2233159341.9204326,2025-01-14 16:00:00
3529050221.0725427,2025-01-14 17:00:00
3861057005.81146,2025-01-14 18:00:00
3269567842.4304533,2025-01-14 19:00:00
2843493847.9362845,2025-01-14 20:00:00
3228100323.722709,2025-01-14 21:00:00
2268011540.0823317,2025-01-14 22:00:00
2039132283.0523543,2025-01-14 23:00:00
4531715343.795943,2025-01-15 00:00:00
2352546738.2617574,2025-01-15 01:00:00
2248043707.529571,2025-01-15 02:00:00
4085148013.051932,2025-01-15 03:00:00
4520589533.569167,2025-01-15 04:00:00
2932302058.9246655,2025-01-15 05:00:00
3904886441.1348886,2025-01-15 06:00:00
2540858622.6793427,2025-01-15 07:00:00
3251185751.804682,2025-01-15 08:00:00
3704055107.66794,2025-01-15 09:00:00
3332783584.6279736,2025-01-15 10:00:00
1775556193.616989,2025-01-15 11:00:00
3982850134.213394,2025-01-15 12:00:00
2872660315.8823624,2025-01-15 13:00:00
5088439327.835501,2025-01-15 14:00:00
2491546029.0101676,2025-01-15 15:00:00
1966811108.9179585,2025-01-15 16:00:00
8093717039.842973,2025-01-15 17:00:00
3764365979.053953,2025-01-15 18:00:00
5462328933.045526,2025-01-15 19:00:00
3083673526.5205097,2025-01-15 20:00:00
2732653411.15667,2025-01-15 21:00:00
2693625501.4233384,2025-01-15 22:00:00
2164133515.884719,2025-01-15 23:00:00
3679062813.575361,2025-01-16 00:00:00
1431325157.7165403,2025-01-16 01:00:00
3114023397.3440576,2025-01-16 02:00:00
2175924052.864828,2025-01-16 03:00:00
3083096985.893333,2025-01-16 04:00:00
1331885686.593967,2025-01-16 05:00:00
777993308.2488238,2025-01-16 06:00:00
3469601928.678493,2025-01-16 07:00:00
2406351236.7557216,2025-01-16 08:00:00
3788046079.856521,2025-01-16 09:00:00
2129803692.9235735,2025-01-16 10:00:00
2594107445.169551,2025-01-16 11:00:00
1282300046.6489873,2025-01-16 12:00:00
4350404147.886981,2025-01-16 13:00:00
10619109698.142096,2025-01-16 14:00:00
8918674313.696138,2025-01-16 15:00:00
10080822320.560757,2025-01-16 16:00:00
3228029594.527905,2025-01-16 17:00:00
4450370814.428705,2025-01-16 18:00:00
4328542355.223911,2025-01-16 19:00:00
3748851533.3934984,2025-01-16 20:00:00
4179792944.1017,2025-01-16 21:00:00
3280328066.917497,2025-01-16 22:00:00
1231048026.8200247,2025-01-16 23:00:00
748891547.9337327,2025-01-17 00:00:00
4394250394.32019,2025-01-17 01:00:00
3866066240.150446,2025-01-17 02:00:00
2773941124.7360325,2025-01-17 03:00:00
3427678788.8329706,2025-01-17 04:00:00
1578825834.7986183,2025-01-17 05:00:00
4405964261.71112,2025-01-17 06:00:00
1853156923.9263592,2025-01-17 07:00:00
2761087493.5314593,2025-01-17 08:00:00
2935249093.9018435,2025-01-17 09:00:00
3611560208.6648674,2025-01-17 10:00:00
3324272435.4952197,2025-01-17 11:00:00
3296608381.154642,2025-01-17 12:00:00
4815708922.106715,2025-01-17 13:00:00
3293896599.2089076,2025-01-17 14:00:00
8722593935.984201,2025-01-17 15:00:00
5595144775.617361,2025-01-17 16:00:00
5308347420.3369465,2025-01-17 17:00:00
3007068453.2298408,2025-01-17 18:00:00
8032761171.709356,2025-01-17 19:00:00
4434678108.150673,2025-01-17 20:00:00
4418655745.786613,2025-01-17 21:00:00
3564316966.653765,2025-01-17 22:00:00
5666686057.67884,2025-01-17 23:00:00
4917447928.490522,2025-01-18 00:00:00
2134378621.3849337,2025-01-18 01:00:00
2033519436.7600124,2025-01-18 02:00:00
1714002772.619564,2025-01-18 03:00:00
4420758845.791107,2025-01-18 04:00:00
3051973822.3418655,2025-01-18 05:00:00
3538497891.6744013,2025-01-18 06:00:00
4167996036.406954,2025-01-18 07:00:00
5207000150.557334,2025-01-18 08:00:00
3741732551.274792,2025-01-18 09:00:00
2083253534.7062807,2025-01-18 10:00:00
2938966204.9070945,2025-01-18 11:00:00
4332937750.447354,2025-01-18 12:00:00
4743495610.744598,2025-01-18 13:00:00
2788419634.125511,2025-01-18 14:00:00
4524806151.058274,2025-01-18 15:00:00
4136316317.8430552,2025-01-18 16:00:00
1005465181.75702,2025-01-18 17:00:00
3664112505.051283,2025-01-18 18:00:00
2554721070.0395064,2025-01-18 19:00:00
4692944216.019532,2025-01-18 20:00:00
2638682146.6415167,2025-01-18 21:00:00
1322364200.1822517,2025-01-18 22:00:00
3213253984.4954605,2025-01-18 23:00:00
5576551531.249362,2025-01-19 00:00:00
2048269508.9847565,2025-01-19 01:00:00
2648165107.666185,2025-01-19 02:00:00
3695148973.125714,2025-01-19 03:00:00
1935113489.7542503,2025-01-19 04:00:00
1702365336.8903186,2025-01-19 05:00:00
1349205404.8148026,2025-01-19 06:00:00
4110005669.461539,2025-01-19 07:00:00
2884670250.1882305,2025-01-19 08:00:00
4733771060.343067,2025-01-19 09:00:00
2590612707.0596194,2025-01-19 10:00:00
4334775741.98518,2025-01-19 11:00:00
3815912215.4820023,2025-01-19 12:00:00
2503446795.1341677,2025-01-19 13:00:00
3842287016.0980062,2025-01-19 14:00:00
4173734214.290574,2025-01-19 15:00:00
3299696145.4955606,2025-01-19 16:00:00
2708901739.0020328,2025-01-19 17:00:00
1881670010.8779304,2025-01-19 18:00:00
1914080230.7031472,2025-01-19 19:00:00
4108595532.146903,2025-01-19 20:00:00
3104311156.8615503,2025-01-19 21:00:00
2723301114.794381,2025-01-19 22:00:00
3637191712.4318166,2025-01-19 23:00:00
4972693534.322211,2025-01-20 00:00:00
2576956839.2645755,2025-01-20 01:00:00
4272541454.5705295,2025-01-20 02:00:00
4865187210.642358,2025-01-20 03:00:00
2988162400.5852833,2025-01-20 04:00:00
2660529167.3830976,2025-01-20 05:00:00
2413797023.202849,2025-01-20 06:00:00
1883956126.7511024,2025-01-20 07:00:00
7336945081.011615,2025-01-20 08:00:00
8791828072.667053,2025-01-20 09:00:00
2344535848.1689267,2025-01-20 10:00:00
8163703375.024232,2025-01-20 11:00:00
2292582526.737398,2025-01-20 12:00:00
6636355784.050043,2025-01-20 13:00:00
3121428447.755536,2025-01-20 14:00:00
3420395704.2081165,2025-01-20 15:00:00
7215302646.927381,2025-01-20 16:00:00
6190945833.038229,2025-01-20 17:00:00
4665278336.378758,2025-01-20 18:00:00
3286288279.162684,2025-01-20 19:00:00
1608943568.384875,2025-01-20 20:00:00
4082892068.22863,2025-01-20 21:00:00
2813872156.9405594,2025-01-20 22:00:00
2163939115.9256897,2025-01-20 23:00:00
3925888795.929228,2025-01-21 00:00:00
2095071982.3783588,2025-01-21 01:00:00
4271382991.196784,2025-01-21 02:00:00
1186351564.9050958,2025-01-21 03:00:00
4831156163.281708,2025-01-21 04:00:00
2648675747.951328,2025-01-21 05:00:00
2164053383.0197945,2025-01-21 06:00:00
3230441008.287998,2025-01-21 07:00:00
5570329929.304698,2025-01-21 08:00:00
2643735359.752269,2025-01-21 09:00:00
2322644923.5126457,2025-01-21 10:00:00
3175838086.6868625,2025-01-21 11:00:00
1710687864.7808735,2025-01-21 12:00:00
2468395717.959842,2025-01-21 13:00:00
8328788298.359121,2025-01-21 14:00:00
3439850260.544246,2025-01-21 15:00:00
6187569059.415679,2025-01-21 16:00:00
4130317109.366287,2025-01-21 17:00:00
6067175924.467849,2025-01-21 18:00:00
6268459278.910074,2025-01-21 19:00:00
4888722717.304067,2025-01-21 20:00:00
3912917807.9699817,2025-01-21 21:00:00
2268908962.7383375,2025-01-21 22:00:00
3370078706.8549623,2025-01-21 23:00:00
5077587738.612864,2025-01-22 00:00:00
2700130288.2108335,2025-01-22 01:00:00
2663404987.7496457,2025-01-22 02:00:00
3282383118.519295,2025-01-22 03:00:00
2599507106.776224,2025-01-22 04:00:00
2145398840.75573,2025-01-22 05:00:00
4034606897.87978,2025-01-22 06:00:00
2007179019.766139,2025-01-22 07:00:00
2527858242.768169,2025-01-22 08:00:00
4251896673.7262554,2025-01-22 09:00:00
2007254641.7011,2025-01-22 10:00:00
2765768432.549219,2025-01-22 11:00:00
3935872664.716128,2025-01-22 12:00:00
5226091012.205344,2025-01-22 13:00:00
7028166292.303829,2025-01-22 14:00:00
3373052024.4832716,2025-01-22 15:00:00
5962154889.071961,2025-01-22 16:00:00
3812242142.723549,2025-01-22 17:00:00
2677686959.1986628,2025-01-22 18:00:00
3997042660.955252,2025-01-22 19:00:00
3537417196.4380646,2025-01-22 20:00:00
2904999438.605478,2025-01-22 21:00:00
2876586141.285512,2025-01-22 22:00:00
1825631726.3353136,2025-01-22 23:00:00
5311921227.061564,2025-01-23 00:00:00
3309359825.885996,2025-01-23 01:00:00
1528930785.5607834,2025-01-23 02:00:00
2354528483.733098,2025-01-23 03:00:00
2519913416.9122515,2025-01-23 04:00:00
1678145954.4968095,2025-01-23 05:00:00
3732980849.0409136,2025-01-23 06:00:00
2475526412.7602396,2025-01-23 07:00:00
3816873901.2630377,2025-01-23 08:00:00
2790733242.3426666,2025-01-23 09:00:00
1200345036.786791,2025-01-23 10:00:00
6078965181.45529,2025-01-23 11:00:00
3174556202.9282975,2025-01-23 12:00:00
4868925444.621604,2025-01-23 13:00:00
3013504452.181084,2025-01-23 14:00:00
4625468860.376468,2025-01-23 15:00:00
2222813807.330636,2025-01-23 16:00:00
6525439615.48142,2025-01-23 17:00:00
6359521513.521244,2025-01-23 18:00:00
3573647973.2073946,2025-01-23 19:00:00
5673740125.68558,2025-01-23 20:00:00
5050893415.278044,2025-01-23 21:00:00
3123718721.485972,2025-01-23 22:00:00
3241287305.816095,2025-01-23 23:00:00
4761004012.413699,2025-01-24 00:00:00
1699353711.9247775,2025-01-24 01:00:00
1549624396.3762102,2025-01-24 02:00:00
2775534289.371804,2025-01-24 03:00:00
4077782997.023831,2025-01-24 04:00:00
3107699657.5892673,2025-01-24 05:00:00
1387128995.7108543,2025-01-24 06:00:00
3820275540.5204167,2025-01-24 07:00:00
2534353678.6664615,2025-01-24 08:00:00
1357729338.9920166,2025-01-24 09:00:00
2700361591.082218,2025-01-24 10:00:00
2016202354.746548,2025-01-24 11:00:00
3005664627.7664666,2025-01-24 12:00:00
1439554243.5878525,2025-01-24 13:00:00
7603794003.194335,2025-01-24 14:00:00
3010017916.7668214,2025-01-24 15:00:00
4490925032.987178,2025-01-24 16:00:00
3856668659.59331,2025-01-24 17:00:00
3813348037.5611944,2025-01-24 18:00:00
4034181456.7719426,2025-01-24 19:00:00
6038134390.251561,2025-01-24 20:00:00
840439424.1604762,2025-01-24 21:00:00
2577735624.298389,2025-01-24 22:00:00
1557169029.8745892,2025-01-24 23:00:00
3646758543.360315,2025-01-25 00:00:00
2466833879.3884206,2025-01-25 01:00:00
1752483560.8255658,2025-01-25 02:00:00
4168666058.700581,2025-01-25 03:00:00
4015890737.5396543,2025-01-25 04:00:00
1469889789.0058846,2025-01-25 05:00:00
2106322746.769066,2025-01-25 06:00:00
1651693634.514132,2025-01-25 07:00:00
1148348148.3915615,2025-01-25 08:00:00
1138277937.575931,2025-01-25 09:00:00
1186959993.0104773,2025-01-25 10:00:00
1792665772.7506862,2025-01-25 11:00:00
1170637558.6714633,2025-01-25 12:00:00
1411200781.2088208,2025-01-25 13:00:00
882436945.5277283,2025-01-25 14:00:00
1913670249.882547,2025-01-25 15:00:00
1911789621.071052,2025-01-25 16:00:00
812348652.8822309,2025-01-25 17:00:00
2651519091.730106,2025-01-25 18:00:00
1310357768.4452164,2025-01-25 19:00:00
1487097442.6178017,2025-01-25 20:00:00
1625730993.989205,2025-01-25 21:00:00
1327861179.8556812,2025-01-25 22:00:00
2565199173.3437805,2025-01-25 23:00:00
3160391492.82417,2025-01-26 00:00:00
922640477.7697296,2025-01-26 01:00:00
2075378750.8992217,2025-01-26 02:00:00
1458899316.0152848,2025-01-26 03:00:00
3125458588.4016232,2025-01-26 04:00:00
475103293.5082744,2025-01-26 05:00:00
1544327307.5220425,2025-01-26 06:00:00
618492721.2913977,2025-01-26 07:00:00
3541579805.330534,2025-01-26 08:00:00
1083919969.5535903,2025-01-26 09:00:00
1143203215.0917852,2025-01-26 10:00:00
780176894.3485484,2025-01-26 11:00:00
1086987208.2040312,2025-01-26 12:00:00
1593008579.5031097,2025-01-26 13:00:00
1194904545.6586692,2025-01-26 14:00:00
1771223469.5668523,2025-01-26 15:00:00
3709759853.2720146,2025-01-26 16:00:00
1626520399.7224314,2025-01-26 17:00:00
1506019916.330327,2025-01-26 18:00:00
2466736742.9561806,2025-01-26 19:00:00
2203764753.5929465,2025-01-26 20:00:00
1275141170.8734937,2025-01-26 21:00:00
1141105665.7454314,2025-01-26 22:00:00
2748834516.4260893,2025-01-26 23:00:00
4501870324.682835,2025-01-27 00:00:00
2755698625.303215,2025-01-27 01:00:00
4278275052.6618824,2025-01-27 02:00:00
1801711312.4591064,2025-01-27 03:00:00
1622599785.7549615,2025-01-27 04:00:00
1489881932.68611,2025-01-27 05:00:00
2422094342.2384076,2025-01-27 06:00:00
1970685323.8089705,2025-01-27 07:00:00
2881466571.5291815,2025-01-27 08:00:00
3212026083.89707,2025-01-27 09:00:00
2275149923.338639,2025-01-27 10:00:00
1895247502.2648215,2025-01-27 11:00:00
1137238954.2879114,2025-01-27 12:00:00
4263877476.106818,2025-01-27 13:00:00
3990949944.847564,2025-01-27 14:00:00
4225194847.859961,2025-01-27 15:00:00
3157237024.950717,2025-01-27 16:00:00
3534955754.928845,2025-01-27 17:00:00
4399240630.918355,2025-01-27 18:00:00
0.0,2025-01-27 19:00:00
4720973117.178883,2025-01-27 20:00:00
2853813252.204216,2025-01-27 21:00:00
3178450818.708134,2025-01-27 22:00:00
2622240731.252847,2025-01-27 23:00:00
2122773863.875475,2025-01-28 00:00:00
1549923108.5878584,2025-01-28 01:00:00
1772667281.5646336,2025-01-28 02:00:00
1155624072.611326,2025-01-28 03:00:00
3715071697.376581,2025-01-28 04:00:00
3022024346.734142,2025-01-28 05:00:00
926590757.0352644,2025-01-28 06:00:00
1932137142.5164492,2025-01-28 07:00:00
2196046072.269331,2025-01-28 08:00:00
1717631228.8956294,2025-01-28 09:00:00
2565495839.5667553,2025-01-28 10:00:00
1932438396.257368,2025-01-28 11:00:00
1699790403.1867137,2025-01-28 12:00:00
2177402172.877474,2025-01-28 13:00:00
2125623604.2660427,2025-01-28 14:00:00
4896158223.230898,2025-01-28 15:00:00
3432985411.1831546,2025-01-28 16:00:00
3781899971.327461,2025-01-28 17:00:00
3182295246.742193,2025-01-28 18:00:00
2136391954.7765045,2025-01-28 19:00:00
1926172514.4862056,2025-01-28 20:00:00
1897989444.8544044,2025-01-28 21:00:00
2230891538.0815015,2025-01-28 22:00:00
716177621.6785942,2025-01-28 23:00:00
4045015671.667572,2025-01-29 00:00:00
1898841201.478031,2025-01-29 01:00:00
2091975323.4206083,2025-01-29 02:00:00
2238391615.961751,2025-01-29 03:00:00
3225568219.9869914,2025-01-29 04:00:00
1046734297.0607216,2025-01-29 05:00:00
3248320823.6927137,2025-01-29 06:00:00
951893873.171285,2025-01-29 07:00:00
3924746882.627241,2025-01-29 08:00:00
4198483585.6447983,2025-01-29 09:00:00
1654962123.6669948,2025-01-29 10:00:00
1779800558.802997,2025-01-29 11:00:00
2060003755.407982,2025-01-29 12:00:00
2887664203.1907225,2025-01-29 13:00:00
2554018581.6714554,2025-01-29 14:00:00
2969061692.332493,2025-01-29 15:00:00
2946383000.2857347,2025-01-29 16:00:00
3721246321.301847,2025-01-29 17:00:00
4875077666.930586,2025-01-29 18:00:00
2451614281.5652113,2025-01-29 19:00:00
5505393371.541112,2025-01-29 20:00:00
3900585323.83885,2025-01-29 21:00:00
2616481892.474981,2025-01-29 22:00:00
2361767930.502307,2025-01-29 23:00:00
3614929879.06094,2025-01-30 00:00:00
1559120881.2103071,2025-01-30 01:00:00
1236298254.1088736,2025-01-30 02:00:00
1995908981.3490565,2025-01-30 03:00:00
3305421127.1236024,2025-01-30 04:00:00
1593381867.186072,2025-01-30 05:00:00
1549694120.9123864,2025-01-30 06:00:00
1588596398.5358431,2025-01-30 07:00:00
4147260246.653525,2025-01-30 08:00:00
3530306016.0393834,2025-01-30 09:00:00
1615157331.1434388,2025-01-30 10:00:00
2024663044.9686103,2025-01-30 11:00:00
2605120539.691311,2025-01-30 12:00:00
3000790169.379247,2025-01-30 13:00:00
2978013308.2791667,2025-01-30 14:00:00
4403486972.239364,2025-01-30 15:00:00
6061582624.326579,2025-01-30 16:00:00
3420513250.488137,2025-01-30 17:00:00
3660616576.698051,2025-01-30 18:00:00
2506498790.696207,2025-01-30 19:00:00
3377380664.826433,2025-01-30 20:00:00
2463531258.5143847,2025-01-30 21:00:00
2196785819.677939,2025-01-30 22:00:00
2877913843.214896,2025-01-30 23:00:00
4349007468.094126,2025-01-31 00:00:00
1877783059.2278087,2025-01-31 01:00:00
1066930635.8220706,2025-01-31 02:00:00
3444428145.4465733,2025-01-31 03:00:00
3768590661.8590326,2025-01-31 04:00:00
2187781636.6663013,2025-01-31 05:00:00
2046999643.6322532,2025-01-31 06:00:00
2289691364.3091087,2025-01-31 07:00:00
2254580892.902029,2025-01-31 08:00:00
2143519061.079268,2025-01-31 09:00:00
3772297324.66954,2025-01-31 10:00:00
2021363839.6579137,2025-01-31 11:00:00
3139888690.8070498,2025-01-31 12:00:00
3078465631.1110883,2025-01-31 13:00:00
4968731844.242258,2025-01-31 14:00:00
2991996437.28886,2025-01-31 15:00:00
2531322507.0063133,2025-01-31 16:00:00
4087069465.806675,2025-01-31 17:00:00
4624690842.6523695,2025-01-31 18:00:00
4562471565.829683,2025-01-31 19:00:00
3952838208.036834,2025-01-31 20:00:00
2762898760.3833823,2025-01-31 21:00:00
2546813599.581125,2025-01-31 22:00:00
1767361275.248683,2025-01-31 23:00:00
4599401148.018175,2025-02-01 00:00:00
1278199375.0739758,2025-02-01 01:00:00
1288654959.6356406,2025-02-01 02:00:00
1217648343.5855484,2025-02-01 03:00:00
970547316.4953444,2025-02-01 04:00:00
1288796007.0091894,2025-02-01 05:00:00
1127894861.2416253,2025-02-01 06:00:00
1037448077.316686,2025-02-01 07:00:00
1107719286.0409205,2025-02-01 08:00:00
1949352332.004176,2025-02-01 09:00:00
1255232376.0299966,2025-02-01 10:00:00
1637330486.4831436,2025-02-01 11:00:00
1444798814.0212824,2025-02-01 12:00:00
1469240593.8955112,2025-02-01 13:00:00
1495729796.7098317,2025-02-01 14:00:00
1337378241.827528,2025-02-01 15:00:00
2475515365.309609,2025-02-01 16:00:00
1482191641.823663,2025-02-01 17:00:00
2076979384.9243472,2025-02-01 18:00:00
2802145852.316138,2025-02-01 19:00:00
1400076308.785003,2025-02-01 20:00:00
2461436389.755434,2025-02-01 21:00:00
1428283065.6506104,2025-02-01 22:00:00
3597749830.0872383,2025-02-01 23:00:00
4545231352.420651,2025-02-02 00:00:00
1420126013.2379818,2025-02-02 01:00:00
2146169910.804479,2025-02-02 02:00:00
1452295034.7162042,2025-02-02 03:00:00
3837565754.965002,2025-02-02 04:00:00
1272626028.3815503,2025-02-02 05:00:00
1809596334.238338,2025-02-02 06:00:00
1288256850.0214102,2025-02-02 07:00:00
1795995366.904813,2025-02-02 08:00:00
1636722676.4012897,2025-02-02 09:00:00
1777878437.3764036,2025-02-02 10:00:00
1826582472.1329052,2025-02-02 11:00:00
1432119364.245053,2025-02-02 12:00:00
2131274883.419759,2025-02-02 13:00:00
1686694763.9967933,2025-02-02 14:00:00
4172741109.342916,2025-02-02 15:00:00
1521536725.450252,2025-02-02 16:00:00
2556487766.412138,2025-02-02 17:00:00
2012685419.92597,2025-02-02 18:00:00
3470240895.979425,2025-02-02 19:00:00
1014410171.5352066,2025-02-02 20:00:00
3702820461.574403,2025-02-02 21:00:00
1162606001.4804535,2025-02-02 22:00:00
3401968579.75524,2025-02-02 23:00:00
4305243964.8062725,2025-02-03 00:00:00
2087991656.4354255,2025-02-03 01:00:00
5223013827.718717,2025-02-03 02:00:00
4262856207.776472,2025-02-03 03:00:00
7153252020.589515,2025-02-03 04:00:00
1757255589.2934608,2025-02-03 05:00:00
2444516743.9621377,2025-02-03 06:00:00
1870177112.6367056,2025-02-03 07:00:00
3561156789.9873695,2025-02-03 08:00:00
1667819505.527686,2025-02-03 09:00:00
2675893193.38514,2025-02-03 10:00:00
2546152217.6680894,2025-02-03 11:00:00
2959733375.0036273,2025-02-03 12:00:00
3980303756.686752,2025-02-03 13:00:00
3157045913.645839,2025-02-03 14:00:00
4745494500.02043,2025-02-03 15:00:00
3681461046.129331,2025-02-03 16:00:00
3590218994.9606466,2025-02-03 17:00:00
2819872085.1932464,2025-02-03 18:00:00
4505933150.736737,2025-02-03 19:00:00
0.0,2025-02-03 20:00:00
7190171776.537502,2025-02-03 21:00:00
5002823005.323764,2025-02-03 22:00:00
3769236205.5075192,2025-02-03 23:00:00
3629922459.0026865,2025-02-04 00:00:00
4424906366.231,2025-02-04 01:00:00
2592990366.433738,2025-02-04 02:00:00
2466107377.723925,2025-02-04 03:00:00
3044252740.6998124,2025-02-04 04:00:00
2313652765.7686386,2025-02-04 05:00:00
1647664505.9595282,2025-02-04 06:00:00
2544306153.882965,2025-02-04 07:00:00
1337229728.1569235,2025-02-04 08:00:00
3673773912.945978,2025-02-04 09:00:00
2830117447.5918736,2025-02-04 10:00:00
1674794483.7641194,2025-02-04 11:00:00
2777279135.639372,2025-02-04 12:00:00
1581787652.4481783,2025-02-04 13:00:00
3890879078.201628,2025-02-04 14:00:00
2934540495.359869,2025-02-04 15:00:00
8558275505.824929,2025-02-04 16:00:00
3676232721.022594,2025-02-04 17:00:00
3828166513.3379455,2025-02-04 18:00:00
2992694126.107076,2025-02-04 19:00:00
799962153.8333176,2025-02-04 20:00:00
6962589308.571912,2025-02-04 21:00:00
2096981676.2770135,2025-02-04 22:00:00
575800859.5789568,2025-02-04 23:00:00
4417819789.849806,2025-02-05 00:00:00
4374079745.902471,2025-02-05 01:00:00
1244398878.6423986,2025-02-05 02:00:00
1258415116.5002306,2025-02-05 03:00:00
2410745842.572209,2025-02-05 04:00:00
2503519140.7291365,2025-02-05 05:00:00
1580513860.397885,2025-02-05 06:00:00
1555103416.2592435,2025-02-05 07:00:00
1818095930.0315263,2025-02-05 08:00:00
2290678735.145573,2025-02-05 09:00:00
5210856169.6802635,2025-02-05 10:00:00
3077690915.997408,2025-02-05 11:00:00
1806191182.4778724,2025-02-05 12:00:00
2184102734.444659,2025-02-05 13:00:00
3055944404.040186,2025-02-05 14:00:00
3159205976.0114055,2025-02-05 15:00:00
2352669950.107016,2025-02-05 16:00:00
2392916088.571812,2025-02-05 17:00:00
4785981986.96774,2025-02-05 18:00:00
4952713529.547966,2025-02-05 19:00:00
5989757246.451269,2025-02-05 20:00:00
1263742956.1650317,2025-02-05 21:00:00
2604250899.4448333,2025-02-05 22:00:00
2383344265.848638,2025-02-05 23:00:00
1546570176.8256502,2025-02-06 00:00:00
1171451604.3404033,2025-02-06 01:00:00
2884527432.7626224,2025-02-06 02:00:00
1196585471.5599487,2025-02-06 03:00:00
2104906840.0758188,2025-02-06 04:00:00
1722270787.176255,2025-02-06 05:00:00
2718529099.8822145,2025-02-06 06:00:00
2424886599.0040607,2025-02-06 07:00:00
3817102664.982254,2025-02-06 08:00:00
2418245203.934472,2025-02-06 09:00:00
2003922914.820839,2025-02-06 10:00:00
2088674858.9386568,2025-02-06 11:00:00
3150723601.888759,2025-02-06 12:00:00
2459913886.0684147,2025-02-06 13:00:00
3044141156.8079224,2025-02-06 14:00:00
2112963598.059102,2025-02-06 15:00:00
8435070638.3385315,2025-02-06 16:00:00
3757307196.573686,2025-02-06 17:00:00
2537947578.11159,2025-02-06 18:00:00
1634618329.7546334,2025-02-06 19:00:00
2049975934.7373352,2025-02-06 20:00:00
2434858615.3501406,2025-02-06 21:00:00
1285288704.4185336,2025-02-06 22:00:00
1570760883.8084466,2025-02-06 23:00:00
830403652.1855885,2025-02-07 00:00:00
1659789288.6145997,2025-02-07 01:00:00
4133574350.71294,2025-02-07 02:00:00
1386351793.8116872,2025-02-07 03:00:00
1338108056.5310493,2025-02-07 04:00:00
1229936764.0214517,2025-02-07 05:00:00
1309268602.246115,2025-02-07 06:00:00
2847514878.667936,2025-02-07 07:00:00
1524300155.680802,2025-02-07 08:00:00
1740259682.028401,2025-02-07 09:00:00
1612448694.4849117,2025-02-07 10:00:00
1686018486.508102,2025-02-07 11:00:00
2704291221.4416513,2025-02-07 12:00:00
2130197682.010028,2025-02-07 13:00:00
2531402973.1799293,2025-02-07 14:00:00
3345047216.4684253,2025-02-07 15:00:00
2936967126.1423445,2025-02-07 16:00:00
2733915895.7227917,2025-02-07 17:00:00
3115161725.9892983,2025-02-07 18:00:00
3189900407.06415,2025-02-07 19:00:00
1953951059.9967268,2025-02-07 20:00:00
1886783800.4481435,2025-02-07 21:00:00
2782604822.8604507,2025-02-07 22:00:00
2025864421.0389383,2025-02-07 23:00:00
3091631149.156241,2025-02-08 00:00:00
1421297285.9514723,2025-02-08 01:00:00
1580174684.6499338,2025-02-08 02:00:00
820857149.568259,2025-02-08 03:00:00
2008461794.245847,2025-02-08 04:00:00
783711710.6657306,2025-02-08 05:00:00
688019636.5973959,2025-02-08 06:00:00
1855321542.1082296,2025-02-08 07:00:00
4205297963.889399,2025-02-08 08:00:00
1789060412.8748715,2025-02-08 09:00:00
918968843.4487512,2025-02-08 10:00:00
1293038648.7072802,2025-02-08 11:00:00
1628786811.0585122,2025-02-08 12:00:00
800777568.4790459,2025-02-08 13:00:00
1501940240.3877316,2025-02-08 14:00:00
1330076960.8295932,2025-02-08 15:00:00
949338884.6733104,2025-02-08 16:00:00
2265099103.318076,2025-02-08 17:00:00
1726542378.445999,2025-02-08 18:00:00
1075695689.6946445,2025-02-08 19:00:00
1252802522.1145155,2025-02-08 20:00:00
224688885.2776504,2025-02-08 21:00:00
2280127815.1040754,2025-02-08 22:00:00
1187871437.9006648,2025-02-08 23:00:00
1044698064.6387284,2025-02-09 00:00:00
824787411.8229533,2025-02-09 01:00:00
1392627467.5232534,2025-02-09 02:00:00
1689082706.7785325,2025-02-09 03:00:00
834751321.219518,2025-02-09 04:00:00
1337374687.2380683,2025-02-09 05:00:00
1081189643.622089,2025-02-09 06:00:00
619225987.6609809,2025-02-09 07:00:00
3665665354.504435,2025-02-09 08:00:00
1397927164.0154762,2025-02-09 09:00:00
400530469.722245,2025-02-09 10:00:00
1976770006.6566012,2025-02-09 11:00:00
1630420476.8087366,2025-02-09 12:00:00
1538885493.154743,2025-02-09 13:00:00
921124555.2828453,2025-02-09 14:00:00
1944674356.8674395,2025-02-09 15:00:00
725987596.9832978,2025-02-09 16:00:00
1835678914.1663356,2025-02-09 17:00:00
1078564035.780297,2025-02-09 18:00:00
2323400721.4577184,2025-02-09 19:00:00
2215782016.0503707,2025-02-09 20:00:00
1938314659.0286832,2025-02-09 21:00:00
985531392.7912436,2025-02-09 22:00:00
3683310208.1907344,2025-02-09 23:00:00
4512657340.93902,2025-02-10 00:00:00
1794198865.3073945,2025-02-10 01:00:00
1989404529.2072568,2025-02-10 02:00:00
1184307097.5159602,2025-02-10 03:00:00
3065578538.7051053,2025-02-10 04:00:00
2219292591.3006034,2025-02-10 05:00:00
2149539412.9345965,2025-02-10 06:00:00
1653790790.0292356,2025-02-10 07:00:00
1907539594.6191816,2025-02-10 08:00:00
1800107780.9916246,2025-02-10 09:00:00
2759921857.598075,2025-02-10 10:00:00
1593571229.006708,2025-02-10 11:00:00
2445553030.602503,2025-02-10 12:00:00
2688703804.9693017,2025-02-10 13:00:00
1778415168.7072947,2025-02-10 14:00:00
1014078205.380176,2025-02-10 15:00:00
4133829678.461446,2025-02-10 16:00:00
3141708195.2849965,2025-02-10 17:00:00
2417542532.4016285,2025-02-10 18:00:00
1869316997.095814,2025-02-10 19:00:00
3255603356.4435616,2025-02-10 20:00:00
3624847848.193159,2025-02-10 21:00:00
2071765979.7594888,2025-02-10 22:00:00
1028639519.9364244,2025-02-10 23:00:00
4894874942.966627,2025-02-11 00:00:00
2166665154.3936577,2025-02-11 01:00:00
834017980.4859817,2025-02-11 02:00:00
2765817997.142123,2025-02-11 03:00:00
1321836694.412883,2025-02-11 04:00:00
1927999846.2439835,2025-02-11 05:00:00
3513974273.202026,2025-02-11 06:00:00
1678764853.6271646,2025-02-11 07:00:00
3155994284.8261857,2025-02-11 08:00:00
1341737621.3072994,2025-02-11 09:00:00
1869063885.1205704,2025-02-11 10:00:00
1753832237.4920623,2025-02-11 11:00:00
1758964310.717872,2025-02-11 12:00:00
1991361365.5916128,2025-02-11 13:00:00
2565562610.945468,2025-02-11 14:00:00
1376845587.6688907,2025-02-11 15:00:00
4141550869.294589,2025-02-11 16:00:00
3128604804.6686916,2025-02-11 17:00:00
3902849139.4498696,2025-02-11 18:00:00
1990647981.995642,2025-02-11 19:00:00
2709967309.610824,2025-02-11 20:00:00
3051092682.7194495,2025-02-11 21:00:00
910303102.2465122,2025-02-11 22:00:00
3132122993.843262,2025-02-11 23:00:00
1199175998.406984,2025-02-12 00:00:00
1202457938.84382,2025-02-12 01:00:00
3624961245.2767434,2025-02-12 02:00:00
1825924561.229917,2025-02-12 03:00:00
159032173.07686052,2025-02-12 04:00:00
1915556267.064264,2025-02-12 05:00:00
3226238428.456536,2025-02-12 06:00:00
2801672263.6885304,2025-02-12 07:00:00
2646393273.0926566,2025-02-12 08:00:00
1703465833.3632298,2025-02-12 09:00:00
2151179745.4538403,2025-02-12 10:00:00
1666551302.917447,2025-02-12 11:00:00
1708074669.0682044,2025-02-12 12:00:00
2409400387.8528266,2025-02-12 13:00:00
1620826882.9360285,2025-02-12 14:00:00
3736034000.827358,2025-02-12 15:00:00
2548897175.0850635,2025-02-12 16:00:00
1995191908.7093432,2025-02-12 17:00:00
3913812555.5207977,2025-02-12 18:00:00
2768313632.528708,2025-02-12 19:00:00
3447060900.503713,2025-02-12 20:00:00
3269162281.109282,2025-02-12 21:00:00
2236413478.465262,2025-02-12 22:00:00
1225097679.9598374,2025-02-12 23:00:00
3830819613.239578,2025-02-13 00:00:00
1580830700.529095,2025-02-13 01:00:00
1744184494.0137858,2025-02-13 02:00:00
1172622013.3410802,2025-02-13 03:00:00
3742408125.4771743,2025-02-13 04:00:00
2820674903.9997945,2025-02-13 05:00:00
3840278245.6744394,2025-02-13 06:00:00
2198964054.598237,2025-02-13 07:00:00
2207098925.294443,2025-02-13 08:00:00
1878996887.0329916,2025-02-13 09:00:00
1684552902.8410368,2025-02-13 10:00:00
1505825007.946803,2025-02-13 11:00:00
1499473410.475384,2025-02-13 12:00:00
5734735746.114022,2025-02-13 13:00:00
957319207.5289547,2025-02-13 14:00:00
2810702064.68452,2025-02-13 15:00:00
1991108391.8068483,2025-02-13 16:00:00
2251013620.76762,2025-02-13 17:00:00
3249112967.5951357,2025-02-13 18:00:00
1770167866.0158713,2025-02-13 19:00:00
3634441346.6143217,2025-02-13 20:00:00
1124616093.5938816,2025-02-13 21:00:00
2448970738.712155,2025-02-13 22:00:00
2132532073.8876977,2025-02-13 23:00:00
1216005364.8003442,2025-02-14 00:00:00
1325881686.6319463,2025-02-14 01:00:00
4792881992.472273,2025-02-14 02:00:00
2251993964.5338497,2025-02-14 03:00:00
1900735431.387513,2025-02-14 04:00:00
1757174733.0971923,2025-02-14 05:00:00
2922753738.7338476,2025-02-14 06:00:00
1972463752.6588416,2025-02-14 07:00:00
1445677157.7615962,2025-02-14 08:00:00
1544986836.9877362,2025-02-14 09:00:00
1948266520.208695,2025-02-14 10:00:00
3552877467.3437552,2025-02-14 11:00:00
1743228530.6095655,2025-02-14 12:00:00
2773378569.800795,2025-02-14 13:00:00
3012278052.316906,2025-02-14 14:00:00
3078396920.597856,2025-02-14 15:00:00
3087933868.03752,2025-02-14 16:00:00
2844670975.6629515,2025-02-14 17:00:00
3160533820.353999,2025-02-14 18:00:00
3870637206.951685,2025-02-14 19:00:00
861609198.08704,2025-02-14 20:00:00
6148695936.545356,2025-02-14 21:00:00
2289475724.3295097,2025-02-14 22:00:00
1348782032.109019,2025-02-14 23:00:00
2710105325.1887426,2025-02-15 00:00:00
1200285412.8904874,2025-02-15 01:00:00
1234519804.1962812,2025-02-15 02:00:00
2897207136.848003,2025-02-15 03:00:00
2807117734.874414,2025-02-15 04:00:00
667196435.7418933,2025-02-15 05:00:00
3733469800.969551,2025-02-15 06:00:00
1986678480.2885327,2025-02-15 07:00:00
1660533078.2444248,2025-02-15 08:00:00
1569761274.1416116,2025-02-15 09:00:00
1716667140.6138077,2025-02-15 10:00:00
1794917608.2093894,2025-02-15 11:00:00
1900378872.9422028,2025-02-15 12:00:00
2921496502.438377,2025-02-15 13:00:00
1640990071.8060875,2025-02-15 14:00:00
3126943744.2384624,2025-02-15 15:00:00
3166475885.876184,2025-02-15 16:00:00
1591032175.0926206,2025-02-15 17:00:00
2479650602.781861,2025-02-15 18:00:00
2115831659.074629,2025-02-15 19:00:00
2265113094.3433847,2025-02-15 20:00:00
1217434272.5186405,2025-02-15 21:00:00
2052599852.5609715,2025-02-15 22:00:00
2091427450.9054408,2025-02-15 23:00:00
4851260377.618058,2025-02-16 00:00:00
553038579.9556346,2025-02-16 01:00:00
2396753609.8624654,2025-02-16 02:00:00
1691359576.346929,2025-02-16 03:00:00
1707999667.1437302,2025-02-16 04:00:00
1226235831.0611036,2025-02-16 05:00:00
969507508.5249276,2025-02-16 06:00:00
1994670230.6617684,2025-02-16 07:00:00
3413246057.0217767,2025-02-16 08:00:00
1813327502.157439,2025-02-16 09:00:00
1047474363.8597472,2025-02-16 10:00:00
2847091786.836616,2025-02-16 11:00:00
1824742873.780484,2025-02-16 12:00:00
1518722394.953756,2025-02-16 13:00:00
1531113009.9414096,2025-02-16 14:00:00
764651539.6477147,2025-02-16 15:00:00
3598676308.9768143,2025-02-16 16:00:00
2195024914.5655074,2025-02-16 17:00:00
951858910.7914912,2025-02-16 18:00:00
2798857434.5047884,2025-02-16 19:00:00
1155776369.1515567,2025-02-16 20:00:00
2125353292.863228,2025-02-16 21:00:00
1197713197.8996873,2025-02-16 22:00:00
1700716386.912652,2025-02-16 23:00:00
3798950367.575218,2025-02-17 00:00:00
2013226027.194232,2025-02-17 01:00:00
741610048.4120011,2025-02-17 02:00:00
1387083137.7391665,2025-02-17 03:00:00
1137551093.8667867,2025-02-17 04:00:00
1043202320.6469752,2025-02-17 05:00:00
1921302748.8703344,2025-02-17 06:00:00
1808639654.0022583,2025-02-17 07:00:00
1883420025.7735755,2025-02-17 08:00:00
2315783558.3902597,2025-02-17 09:00:00
2202427294.593341,2025-02-17 10:00:00
2330059513.9972124,2025-02-17 11:00:00
2805222097.202949,2025-02-17 12:00:00
2422439732.9632792,2025-02-17 13:00:00
3601937527.470956,2025-02-17 14:00:00
2964877870.3472943,2025-02-17 15:00:00
3461893984.7973666,2025-02-17 16:00:00
2446767608.7372365,2025-02-17 17:00:00
3260938855.5427756,2025-02-17 18:00:00
1259759730.750429,2025-02-17 19:00:00
2295159189.3951054,2025-02-17 20:00:00
1127537396.4806716,2025-02-17 21:00:00
1870467441.7223096,2025-02-17 22:00:00
2316538296.6628327,2025-02-17 23:00:00
2705705821.271836,2025-02-18 00:00:00
1419362174.7555354,2025-02-18 01:00:00
1429733207.4433093,2025-02-18 02:00:00
2376728283.1774526,2025-02-18 03:00:00
478393566.69123167,2025-02-18 04:00:00
2080686568.1394951,2025-02-18 05:00:00
1298972870.9823763,2025-02-18 06:00:00
3860495989.944829,2025-02-18 07:00:00
4124719836.617197,2025-02-18 08:00:00
2551143314.0490036,2025-02-18 09:00:00
2107889062.6513896,2025-02-18 10:00:00
1176618008.9538052,2025-02-18 11:00:00
2239254797.7887497,2025-02-18 12:00:00
2052576785.5654216,2025-02-18 13:00:00
2000402176.5348349,2025-02-18 14:00:00
3262090918.73621,2025-02-18 15:00:00
2827539897.16146,2025-02-18 16:00:00
3921188017.2238703,2025-02-18 17:00:00
2949333565.188962,2025-02-18 18:00:00
2781994368.507009,2025-02-18 19:00:00
2349785984.55087,2025-02-18 20:00:00
2559765876.314275,2025-02-18 21:00:00
2789962354.25472,2025-02-18 22:00:00
2055019228.5372355,2025-02-18 23:00:00
2993401067.3691597,2025-02-19 00:00:00
1673015029.2032375,2025-02-19 01:00:00
1547709333.9470682,2025-02-19 02:00:00
3282377777.898533,2025-02-19 03:00:00
3224336169.1918635,2025-02-19 04:00:00
2017417200.4386108,2025-02-19 05:00:00
3186416147.4874806,2025-02-19 06:00:00
1421829643.3377993,2025-02-19 07:00:00
1734951765.0759363,2025-02-19 08:00:00
3636871266.722302,2025-02-19 09:00:00
623904719.054786,2025-02-19 10:00:00
4231373481.995098,2025-02-19 11:00:00
2274805781.722048,2025-02-19 12:00:00
2051038920.2817116,2025-02-19 13:00:00
1205103253.656222,2025-02-19 14:00:00
3862816928.592773,2025-02-19 15:00:00
4020310342.018457,2025-02-19 16:00:00
1990528971.6782737,2025-02-19 17:00:00
3914717505.672486,2025-02-19 18:00:00
2764975270.2336135,2025-02-19 19:00:00
4369523362.332275,2025-02-19 20:00:00
2263962871.3253446,2025-02-19 21:00:00
2642126639.8112917,2025-02-19 22:00:00
1102043242.0954063,2025-02-19 23:00:00
3870900231.2050023,2025-02-20 00:00:00
3148974891.272683,2025-02-20 01:00:00
2178606092.724812,2025-02-20 02:00:00
2827918078.3353834,2025-02-20 03:00:00
1891774948.2256083,2025-02-20 04:00:00
1489561515.2389534,2025-02-20 05:00:00
3388641930.411916,2025-02-20 06:00:00
1267296857.280568,2025-02-20 07:00:00
2975826046.601793,2025-02-20 08:00:00
4766530048.95501,2025-02-20 09:00:00
1096193489.8149388,2025-02-20 10:00:00
2608875320.855484,2025-02-20 11:00:00
1527742311.541363,2025-02-20 12:00:00
4161703661.7102966,2025-02-20 13:00:00
3772794273.8123503,2025-02-20 14:00:00
3376290833.4825525,2025-02-20 15:00:00
3970137456.833107,2025-02-20 16:00:00
2648424487.393919,2025-02-20 17:00:00
3277580953.2478285,2025-02-20 18:00:00
2386692522.333254,2025-02-20 19:00:00
3505606970.002276,2025-02-20 20:00:00
3604474294.097428,2025-02-20 21:00:00
2151505351.7622676,2025-02-20 22:00:00
3591153892.8589787,2025-02-20 23:00:00
1560960769.0444849,2025-02-21 00:00:00
1165155938.781843,2025-02-21 01:00:00
2020805273.557427,2025-02-21 02:00:00
1758501645.4724982,2025-02-21 03:00:00
3302842410.2251062,2025-02-21 04:00:00
1237004150.0849044,2025-02-21 05:00:00
4684523896.115413,2025-02-21 06:00:00
2053030389.1926067,2025-02-21 07:00:00
2756983991.26358,2025-02-21 08:00:00
1637253359.3471963,2025-02-21 09:00:00
1567223562.5404458,2025-02-21 10:00:00
1946799912.0562632,2025-02-21 11:00:00
3798826868.3091063,2025-02-21 12:00:00
2810262971.5859666,2025-02-21 13:00:00
3681754325.780143,2025-02-21 14:00:00
5191829632.430049,2025-02-21 15:00:00
4825740721.661421,2025-02-21 16:00:00
5022404054.9027405,2025-02-21 17:00:00
4483765720.469991,2025-02-21 18:00:00
4240125758.248265,2025-02-21 19:00:00
3226457085.526111,2025-02-21 20:00:00
6377948014.675723,2025-02-21 21:00:00
3290337363.4293714,2025-02-21 22:00:00
3031270967.445028,2025-02-21 23:00:00
3287584475.3533373,2025-02-22 00:00:00
2161318251.1720395,2025-02-22 01:00:00
3311165971.3137136,2025-02-22 02:00:00
9725112476.728289,2025-02-22 03:00:00
2626820674.9327745,2025-02-22 04:00:00
1941398420.684217,2025-02-22 05:00:00
1822798769.4977343,2025-02-22 06:00:00
1606078122.556346,2025-02-22 07:00:00
2431566416.511749,2025-02-22 08:00:00
2854745821.6583457,2025-02-22 09:00:00
2757153228.091851,2025-02-22 10:00:00
2900218693.1382437,2025-02-22 11:00:00
3480644540.216083,2025-02-22 12:00:00
2288955226.987933,2025-02-22 13:00:00
4864516036.84204,2025-02-22 14:00:00
3500407392.0345144,2025-02-22 15:00:00
3009926535.3956223,2025-02-22 16:00:00
3141869303.8362045,2025-02-22 17:00:00
2917317156.644505,2025-02-22 18:00:00
1965424434.4990392,2025-02-22 19:00:00
