start_time_x,datetime,inflow_mean,inflow_mean_ma7,inflow_top10,inflow_total,timestamp,start_time_y,v,start_time,c,h,l,o,t,hidden_states
1743577200000,2025-04-02 07:00:00,1.34883818,0.88394742,122.55629022,128.13962747,2025-04-02 07:00:00,1743577200000,86.99666925103043,1743577200000,70541.73,70776.48,70541.73,70764.29,1743577200,1
1743580800000,2025-04-02 08:00:00,2.3329714,0.96666341,198.82869916,200.63554058,2025-04-02 08:00:00,1743580800000,50.10573669598315,1743580800000,70461.41,70541.73,70208.56,70541.73,1743580800,1
1743584400000,2025-04-02 09:00:00,0.7400779,0.91025717,37.87803077,38.48405061,2025-04-02 09:00:00,1743584400000,58.891594615246696,1743584400000,70568.88,70866.03,70336.19,70461.41,1743584400,1
1743588000000,2025-04-02 10:00:00,0.11705207,0.86045221,7.70935265,8.19364468,2025-04-02 10:00:00,1743588000000,53.32391825609641,1743588000000,70438.04,70579.96,70348.03,70568.88,1743588000,1
1743591600000,2025-04-02 11:00:00,0.25330975,0.80273172,17.47298757,18.23830185,2025-04-02 11:00:00,1743591600000,50.514927310866376,1743591600000,70163.1,70438.04,70095.13,70438.04,1743591600,1
1743595200000,2025-04-02 12:00:00,0.25310877,0.78157515,16.97366573,17.97072271,2025-04-02 12:00:00,1743595200000,70.05848717039167,1743595200000,70330.77,70344.73,70093.66,70163.1,1743595200,1
1743598800000,2025-04-02 13:00:00,2.68039505,1.10367902,282.88063329,289.48266505,2025-04-02 13:00:00,1743598800000,54.74601312971265,1743598800000,71357.07,71625.74,70330.77,70330.77,1743598800,1
1743602400000,2025-04-02 14:00:00,0.67046847,1.00676906,52.25156587,56.31935163,2025-04-02 14:00:00,1743602400000,57.74239341127463,1743602400000,71613.43,72008.09,71319,71357.07,1743602400,1
1743606000000,2025-04-02 15:00:00,0.19246441,0.70098235,13.4289358,15.78208189,2025-04-02 15:00:00,1743606000000,53.20407912995184,1743606000000,73993.24,74238.11,71613.43,71613.43,1743606000,1
1743609600000,2025-04-02 16:00:00,0.45340201,0.66002865,26.22239237,27.65752271,2025-04-02 16:00:00,1743609600000,27.21409266341203,1743609600000,74049.63,74251.03,73745.65,73993.24,1743609600,1
1743613200000,2025-04-02 17:00:00,0.91357843,0.77381813,53.5300412,53.90112756,2025-04-02 17:00:00,1743613200000,121.1305714932667,1743613200000,73666.53,74280.45,73666.53,74049.63,1743613200,1
1743616800000,2025-04-02 18:00:00,0.22722831,0.77009221,11.99915631,12.95201343,2025-04-02 18:00:00,1743616800000,73.74185672907053,1743616800000,73084.97,73666.53,73084.97,73666.53,1743616800,1
1743620400000,2025-04-02 19:00:00,0.70183099,0.83419538,36.79093357,37.19704231,2025-04-02 19:00:00,1743620400000,107.00035253236086,1743620400000,72643.76,73084.97,72536.21,73084.97,1743620400,1
1743624000000,2025-04-02 20:00:00,1.39707412,0.65086382,67.84315777,72.64785431,2025-04-02 20:00:00,1743624000000,17.43875274460381,1743624000000,71196.55,74153.52,70856.65,72643.76,1743624000,1
1743627600000,2025-04-02 21:00:00,0.25762225,0.59188579,14.43957391,15.19971295,2025-04-02 21:00:00,1743627600000,21.647262666558685,1743627600000,69787.33,71211.15,69787.33,71196.55,1743627600,1
1743631200000,2025-04-02 22:00:00,2.81999202,0.96724688,125.36964821,126.89964089,2025-04-02 22:00:00,1743631200000,99.9765367856469,1743631200000,69289.16,69795.98,69233.41,69787.33,1743631200,1
1743634800000,2025-04-02 23:00:00,1.12742315,1.06353561,44.87431528,45.09692597,2025-04-02 23:00:00,1743634800000,107.68808751909135,1743634800000,69850.94,70176.66,69289.16,69289.16,1743634800,1
1743638400000,2025-04-03 00:00:00,0.60392725,1.01929973,22.16389396,22.34530842,2025-04-03 00:00:00,1743638400000,99.52913339587282,1743638400000,68979.31,69939.98,68954.52,69850.94,1743638400,1
1743642000000,2025-04-03 01:00:00,1.01495758,1.13183248,81.23899926,87.28635174,2025-04-03 01:00:00,1743642000000,64.30832810136978,1743642000000,68860,69071.43,68752.58,68979.31,1743642000,1
1743645600000,2025-04-03 02:00:00,0.58594543,1.1152774,31.2036748,31.64105325,2025-04-03 02:00:00,1743645600000,35.490493243653624,1743645600000,68406.5,68866.41,68241.14,68860,1743645600,1
1743649200000,2025-04-03 03:00:00,0.33673158,0.96379989,29.15392206,31.31603735,2025-04-03 03:00:00,1743649200000,47.79308573087933,1743649200000,68452.83,68499.5,68395.95,68406.5,1743649200,1
1743652800000,2025-04-03 04:00:00,0.44113188,0.99001556,21.18837841,21.61546197,2025-04-03 04:00:00,1743652800000,64.77370028385212,1743652800000,68537.36,68555.7,68452.83,68452.83,1743652800,1
1743656400000,2025-04-03 05:00:00,0.30003242,0.63002133,18.66189579,19.20207519,2025-04-03 05:00:00,1743656400000,70.59525447557367,1743656400000,68456.22,68543.25,68406.12,68537.36,1743656400,1
1743660000000,2025-04-03 06:00:00,1.06406033,0.6209695,76.71526821,79.80452501,2025-04-03 06:00:00,1743660000000,76.31511128233551,1743660000000,68655.99,68655.99,68453.29,68456.22,1743660000,1
1743663600000,2025-04-03 07:00:00,1.19492054,0.70539711,77.88683738,78.86475569,2025-04-03 07:00:00,1743663600000,50.50051996564125,1743663600000,68674.34,68778.51,68655.99,68655.99,1743663600,1
1743667200000,2025-04-03 08:00:00,0.43224917,0.62215305,27.91532453,28.96069433,2025-04-03 08:00:00,1743667200000,80.20867857205003,1743667200000,68176.15,68674.34,68084.76,68674.34,1743667200,1
1743670800000,2025-04-03 09:00:00,0.4785793,0.60681503,28.51626929,30.15049559,2025-04-03 09:00:00,1743670800000,65.35300080840165,1743670800000,68129.12,68413.4,68074.72,68176.15,1743670800,1
1743674400000,2025-04-03 10:00:00,0.22891127,0.59141213,27.26769294,31.36084401,2025-04-03 10:00:00,1743674400000,47.54499482051289,1743674400000,68260.35,68411.36,68129.12,68129.12,1743674400,1
1743678000000,2025-04-03 11:00:00,1.34313039,0.72026906,89.31410257,89.98973646,2025-04-03 11:00:00,1743678000000,26.8413476634738,1743678000000,68780.62,68780.62,68260.35,68260.35,1743678000,1
1743681600000,2025-04-03 12:00:00,0.61196384,0.76483069,42.12846331,44.67336027,2025-04-03 12:00:00,1743681600000,97.2609923303133,1743681600000,69461.19,69709.94,68780.62,68780.62,1743681600,1
1743685200000,2025-04-03 13:00:00,0.73351264,0.71760959,64.69819214,68.95018821,2025-04-03 13:00:00,1743685200000,100.197016174997,1743685200000,70593.9,70607.64,69461.19,69461.19,1743685200,1
1743688800000,2025-04-03 14:00:00,2.14890192,0.85389265,184.75929566,197.69897624,2025-04-03 14:00:00,1743688800000,95.20293614451263,1743688800000,71244.75,71244.75,70443.63,70593.9,1743688800,1
1743692400000,2025-04-03 15:00:00,0.81905828,0.90915109,87.83952637,91.73452779,2025-04-03 15:00:00,1743692400000,47.28092781626104,1743692400000,71320.71,71476.61,71125.79,71244.75,1743692400,1
1743696000000,2025-04-03 16:00:00,0.61216687,0.92823503,16.50839238,16.52850542,2025-04-03 16:00:00,1743696000000,130.1480564574816,1743696000000,71334.42,71438.94,71171.9,71320.71,1743696000,1
1743699600000,2025-04-03 17:00:00,1.45156115,1.1028993,112.88636096,121.93113652,2025-04-03 17:00:00,1743699600000,107.49501844491432,1743699600000,70853.06,71339.66,70849.28,71334.42,1743699600,1
1743703200000,2025-04-03 18:00:00,2.86676916,1.32056198,181.4271231,192.07353404,2025-04-03 18:00:00,1743703200000,119.85424159822158,1743703200000,70757.22,70927.75,70713.82,70853.06,1743703200,1
1743706800000,2025-04-03 19:00:00,1.30974776,1.4202454,87.91463627,90.37259567,2025-04-03 19:00:00,1743706800000,103.96935307207194,1743706800000,71032.13,71085.88,70727.93,70757.22,1743706800,1
1743710400000,2025-04-03 20:00:00,1.08506079,1.47046656,44.31868345,44.48749238,2025-04-03 20:00:00,1743710400000,110.44873815729257,1743710400000,71244.31,71413.74,71032.13,71032.13,1743710400,1
1743714000000,2025-04-03 21:00:00,1.23738918,1.34025046,66.17698125,66.81901599,2025-04-03 21:00:00,1743714000000,77.47312015436819,1743714000000,71055.58,71260.3,71055.58,71244.31,1743714000,1
1743717600000,2025-04-03 22:00:00,0.13635176,1.24272095,3.51288857,3.54514583,2025-04-03 22:00:00,1743717600000,5.018557842267422,1743717600000,71140.39,71260.22,71016.35,71055.58,1743717600,1
1743721200000,2025-04-03 23:00:00,0.30598385,1.19898052,16.25631121,16.82911177,2025-04-03 23:00:00,1743721200000,28.852659478799264,1743721200000,71577.72,71833.21,71015.77,71140.39,1743721200,1
1743724800000,2025-04-04 00:00:00,0.20209832,1.02048583,7.68683206,7.88183456,2025-04-04 00:00:00,1743724800000,0.4230363087544257,1743724800000,71157.18,71715.92,70983.33,71577.72,1743724800,1
1743728400000,2025-04-04 01:00:00,0.48558059,0.68031604,23.16887835,23.30786811,2025-04-04 01:00:00,1743728400000,1.3254377994910913,1743728400000,71141.58,71455.19,70951.92,71157.18,1743728400,1
1743732000000,2025-04-04 02:00:00,0.25284472,0.52932989,20.83231075,21.99749077,2025-04-04 02:00:00,1743732000000,36.50140238656798,1743732000000,70937.65,71155.69,70937.65,71141.58,1743732000,1
1743735600000,2025-04-04 03:00:00,1.01141177,0.5188086,68.90572092,70.79882364,2025-04-04 03:00:00,1743735600000,19.407187979652235,1743735600000,70885.94,70951.91,70877.13,70937.65,1743735600,1
1743739200000,2025-04-04 04:00:00,0.23655631,0.37583247,13.06910584,13.48370964,2025-04-04 04:00:00,1743739200000,12.87626299868452,1743739200000,70993.93,71006.52,70866.57,70885.94,1743739200,1
1743742800000,2025-04-04 05:00:00,0.30534843,0.39997486,12.53908306,12.82463414,2025-04-04 05:00:00,1743742800000,29.97067418986828,1743742800000,70760.56,70998.68,70759.39,70993.93,1743742800,1
1743746400000,2025-04-04 06:00:00,1.05280802,0.50666402,55.48400956,56.85163303,2025-04-04 06:00:00,1743746400000,70.99041603616588,1743746400000,70562.93,70760.56,70562.93,70760.56,1743746400,1
1743750000000,2025-04-04 07:00:00,0.23616614,0.51153085,14.41145893,15.58696557,2025-04-04 07:00:00,1743750000000,2.821279630523933,1743750000000,70907.55,70948.75,70560.34,70562.93,1743750000,1
1743753600000,2025-04-04 08:00:00,1.7434284,0.6912234,110.91196606,111.57941742,2025-04-04 08:00:00,1743753600000,35.33837222240461,1743753600000,72283.08,72303.84,70756.91,70907.55,1743753600,1
1743757200000,2025-04-04 09:00:00,0.8487723,0.77635591,73.52694833,85.72600252,2025-04-04 09:00:00,1743757200000,72.28102791221328,1743757200000,72158.26,72437.62,72008.08,72283.08,1743757200,1
1743760800000,2025-04-04 10:00:00,1.3214607,0.82064861,116.94109185,130.8246092,2025-04-04 10:00:00,1743760800000,84.13638194058181,1743760800000,71274.96,72903.49,71266.06,72158.26,1743760800,1
1743764400000,2025-04-04 11:00:00,2.05483476,1.08040268,113.35558446,117.12558149,2025-04-04 11:00:00,1743764400000,98.13794545703304,1743764400000,70602.33,71274.96,70451.09,71274.96,1743764400,1
1743768000000,2025-04-04 12:00:00,1.7898377,1.29247257,129.62724984,143.18701586,2025-04-04 12:00:00,1743768000000,99.10258001871836,1743768000000,70553.11,70796.79,69799.71,70602.33,1743768000,1
1743771600000,2025-04-04 13:00:00,0.51673852,1.21589122,36.47735654,38.2386506,2025-04-04 13:00:00,1743771600000,31.1162603535816,1743771600000,70826.61,71317.37,70451.48,70553.11,1743771600,1
1743775200000,2025-04-04 14:00:00,1.18571591,1.35154118,96.39669977,100.78585268,2025-04-04 14:00:00,1743775200000,78.77301017184675,1743775200000,71258.99,71309.71,70589.31,70826.61,1743775200,1
1743778800000,2025-04-04 15:00:00,0.59399143,1.1873359,83.23852144,84.34678274,2025-04-04 15:00:00,1743778800000,94.07865466730514,1743778800000,71612.9,71696.9,70992.98,71258.99,1743778800,1
1743782400000,2025-04-04 16:00:00,0.72409346,1.16952464,10.84638457,10.86140193,2025-04-04 16:00:00,1743782400000,113.2211822485366,1743782400000,72258.3,72258.3,71388.85,71612.9,1743782400,1
1743786000000,2025-04-04 17:00:00,0.23520637,1.01434545,18.88940892,19.52212838,2025-04-04 17:00:00,1743786000000,108.0232750387398,1743786000000,73494.33,73494.33,72132.09,72258.3,1743786000,1
1743789600000,2025-04-04 18:00:00,1.46753184,0.93044503,77.38389669,77.77918757,2025-04-04 18:00:00,1743789600000,105.69792833641372,1743789600000,73349.02,73756.38,73266.23,73494.33,1743789600,1
1743793200000,2025-04-04 19:00:00,0.79806518,0.78876324,32.36813682,32.72067238,2025-04-04 19:00:00,1743793200000,103.17778835321867,1743793200000,73232.56,73577.47,73229.21,73349.02,1743793200,1
1743796800000,2025-04-04 20:00:00,1.45635048,0.92299352,30.56222596,30.58336002,2025-04-04 20:00:00,1743796800000,112.6040116485256,1743796800000,73135.39,73242.97,72945.57,73232.56,1743796800,1
1743800400000,2025-04-04 21:00:00,0.64043854,0.84509676,40.69813656,40.98806673,2025-04-04 21:00:00,1743800400000,80.55196511168101,1743800400000,73050.42,73462.84,72804.79,73135.39,1743800400,1
1743804000000,2025-04-04 22:00:00,0.18758351,0.78703848,12.28787112,12.38051146,2025-04-04 22:00:00,1743804000000,16.23531416495845,1743804000000,73133.54,73195.7,73038.5,73050.42,1743804000,1
1743807600000,2025-04-04 23:00:00,0.69414872,0.78276066,32.47655552,32.62498961,2025-04-04 23:00:00,1743807600000,93.71291017173618,1743807600000,72832.34,73151.84,72818.9,73133.54,1743807600,1
1743811200000,2025-04-05 00:00:00,0.21127578,0.77934201,16.79689259,17.53588933,2025-04-05 00:00:00,1743811200000,51.676282598407354,1743811200000,72841.88,72928.25,72682.65,72832.34,1743811200,1
1743814800000,2025-04-05 01:00:00,0.08058704,0.58120704,5.67145025,6.12461513,2025-04-05 01:00:00,1743814800000,84.04672673599705,1743814800000,73677.71,73677.71,72838.19,72841.88,1743814800,1
1743818400000,2025-04-05 02:00:00,0.03676308,0.47244959,0.36763077,0.36763077,2025-04-05 02:00:00,1743818400000,93.65867307935278,1743818400000,73984.89,73984.89,73677.71,73677.71,1743818400,1
1743822000000,2025-04-05 03:00:00,0.47173672,0.33179048,37.19702976,39.1541481,2025-04-05 03:00:00,1743822000000,91.66782931365258,1743822000000,73671.13,73984.89,73656.25,73984.89,1743822000,1
1743825600000,2025-04-05 04:00:00,5.54783131,1.03284659,238.03751802,238.55674634,2025-04-05 04:00:00,1743825600000,95.72734480817611,1743825600000,73615.25,73747.1,73605.57,73671.13,1743825600,0
1743829200000,2025-04-05 05:00:00,0.19356775,1.03370149,12.58434829,13.54974265,2025-04-05 05:00:00,1743829200000,37.57622391954692,1743829200000,73545.21,73615.25,73503.28,73615.25,1743829200,1
1743832800000,2025-04-05 06:00:00,0.5971546,1.01984518,30.84571858,31.05203918,2025-04-05 06:00:00,1743832800000,51.77367268966231,1743832800000,73284.26,73563.84,73284.26,73545.21,1743832800,1
1743836400000,2025-04-05 07:00:00,0.80523674,1.10469675,34.48345827,34.62517992,2025-04-05 07:00:00,1743836400000,91.88235963067925,1743836400000,73047.86,73284.26,73046.8,73284.26,1743836400,1
1743840000000,2025-04-05 08:00:00,1.00105323,1.23619192,27.98181577,28.02949037,2025-04-05 08:00:00,1743840000000,47.42264857616961,1743840000000,73067.55,73068.83,72997.58,73047.86,1743840000,1
1743843600000,2025-04-05 09:00:00,0.15869614,1.25361093,6.76146685,7.1413265,2025-04-05 09:00:00,1743843600000,63.88483526390339,1743843600000,72986.86,73075.31,72870.51,73067.55,1743843600,1
1743847200000,2025-04-05 10:00:00,0.26867702,1.2246024,25.4937883,26.06167136,2025-04-05 10:00:00,1743847200000,76.5538488501742,1743847200000,73117.61,73120.01,72942.53,72986.86,1743847200,1
1743850800000,2025-04-05 11:00:00,1.32414301,0.62121836,55.18995172,55.61400658,2025-04-05 11:00:00,1743850800000,50.422713931738606,1743850800000,73266.94,73266.94,73070.36,73117.61,1743850800,1
1743854400000,2025-04-05 12:00:00,1.62534214,0.82575755,97.16053887,99.14587054,2025-04-05 12:00:00,1743854400000,74.97609263304432,1743854400000,73790.98,73877.57,73231.21,73266.94,1743854400,1
1743858000000,2025-04-05 13:00:00,0.85735241,0.86292867,83.77685598,84.877889,2025-04-05 13:00:00,1743858000000,39.69117013965885,1743858000000,72493.57,73817.77,72493.57,73790.98,1743858000,1
1743861600000,2025-04-05 14:00:00,0.53625848,0.8245032,54.46409025,55.23462336,2025-04-05 14:00:00,1743861600000,60.4279743509195,1743861600000,72152.62,72494.02,72122.48,72493.57,1743861600,1
1743865200000,2025-04-05 15:00:00,0.56278338,0.76189323,34.35377218,34.89256949,2025-04-05 15:00:00,1743865200000,67.96439055897518,1743865200000,72568.55,72600.96,72152.62,72152.62,1743865200,1
1743868800000,2025-04-05 16:00:00,0.19588047,0.76720527,6.40796544,6.46405551,2025-04-05 16:00:00,1743868800000,82.7944264544038,1743868800000,72369.52,72604.17,72359.36,72568.55,1743868800,1
1743872400000,2025-04-05 17:00:00,0.74535912,0.83530272,34.86828891,35.03187845,2025-04-05 17:00:00,1743872400000,82.03543327747788,1743872400000,72141.17,72378.15,72119.84,72369.52,1743872400,1
1743876000000,2025-04-05 18:00:00,0.09233812,0.65933059,2.52218797,2.58546747,2025-04-05 18:00:00,1743876000000,86.17592609377164,1743876000000,72001.63,72150.66,71968.17,72141.17,1743876000,1
1743879600000,2025-04-05 19:00:00,1.11606734,0.58657705,23.41741486,23.43741411,2025-04-05 19:00:00,1743879600000,60.32613812712901,1743879600000,71928.73,72046.79,71887.79,72001.63,1743879600,1
1743883200000,2025-04-05 20:00:00,0.06010291,0.47268426,2.86451685,2.94504254,2025-04-05 20:00:00,1743883200000,79.1007536103961,1743883200000,71835.28,71928.73,71823.7,71928.73,1743883200,1
1743886800000,2025-04-05 21:00:00,0.15827509,0.41868663,7.05342588,7.12237894,2025-04-05 21:00:00,1743886800000,75.19446913470615,1743886800000,71768.64,71859.62,71753.96,71835.28,1743886800,1
1743890400000,2025-04-05 22:00:00,11.38435075,1.96462483,261.82106793,261.84006717,2025-04-05 22:00:00,1743890400000,91.33545673764446,1743890400000,71868.37,71868.37,71751.67,71768.64,1743890400,2
1743894000000,2025-04-05 23:00:00,0.49673164,2.00760357,14.37621315,14.40521765,2025-04-05 23:00:00,1743894000000,73.4744897495903,1743894000000,70787.81,71882.46,70787.81,71868.37,1743894000,0
1743897600000,2025-04-06 00:00:00,0.05410313,1.90885271,1.4549871,1.51488762,2025-04-06 00:00:00,1743897600000,78.30937474060788,1743897600000,70783.33,70836.32,70773.02,70787.81,1743897600,0
1743901200000,2025-04-06 01:00:00,0.04157806,1.90160127,0.57827265,0.58209279,2025-04-06 01:00:00,1743901200000,89.47001213119302,1743901200000,70388.16,70848.61,70349.16,70783.33,1743901200,0
1743904800000,2025-04-06 02:00:00,0.18700223,1.76887769,10.3367926,10.65912715,2025-04-06 02:00:00,1743904800000,78.47214978851211,1743904800000,70469.63,70508.42,70388.16,70388.16,1743904800,0
1743908400000,2025-04-06 03:00:00,0.75624515,1.86832658,45.86572803,47.64344471,2025-04-06 03:00:00,1743908400000,87.45388247928018,1743908400000,70305.3,70499.62,70281.27,70469.63,1743908400,0
1743912000000,2025-04-06 04:00:00,0.03604713,1.85086544,1.14878266,1.2256024,2025-04-06 04:00:00,1743912000000,50.03672939304715,1743912000000,70357.6,70357.68,70271.97,70305.3,1743912000,0
1743915600000,2025-04-06 05:00:00,0.12546161,0.24245271,6.8538335,7.15131181,2025-04-06 05:00:00,1743915600000,50.20715350138549,1743915600000,70533.32,70545.93,70285.37,70357.6,1743915600,1
1743919200000,2025-04-06 06:00:00,0.21406216,0.20207135,1.07031079,1.07031079,2025-04-06 06:00:00,1743919200000,24.483348542674612,1743919200000,70710.08,70805.62,70533.32,70533.32,1743919200,1
1743922800000,2025-04-06 07:00:00,0.23173997,0.22744804,14.35017943,14.59961814,2025-04-06 07:00:00,1743922800000,72.23376575143459,1743922800000,71014.68,71014.68,70710.08,70710.08,1743922800,1
1743926400000,2025-04-06 08:00:00,0.06827844,0.23126238,2.83252159,3.07252961,2025-04-06 08:00:00,1743926400000,51.48096261948617,1743926400000,70908.52,71014.68,70813.96,71014.68,1743926400,1
1743930000000,2025-04-06 09:00:00,0.18286674,0.2306716,3.98393997,4.02306817,2025-04-06 09:00:00,1743930000000,69.81641817339455,1743930000000,71030.99,71030.99,70908.52,70908.52,1743930000,1
1743933600000,2025-04-06 10:00:00,0.37967736,0.1768762,22.77190596,23.5399962,2025-04-06 10:00:00,1743933600000,70.68499110104722,1743933600000,70914.65,71039.47,70821.13,71030.99,1743933600,1
1743937200000,2025-04-06 11:00:00,3.61517604,0.68818033,68.66052345,68.68834485,2025-04-06 11:00:00,1743937200000,97.41785515618702,1743937200000,70815.7,70935.89,70811.58,70914.65,1743937200,0
1743940800000,2025-04-06 12:00:00,0.33005616,0.71740812,17.52101234,17.82303276,2025-04-06 12:00:00,1743940800000,86.11378201226306,1743940800000,70819.09,70855.54,70595.41,70815.7,1743940800,1
1743944400000,2025-04-06 13:00:00,1.14841638,0.8508873,129.28323016,130.91946679,2025-04-06 13:00:00,1743944400000,43.3903692847064,1743944400000,71867.77,71880.85,70811.78,70819.09,1743944400,1
1743948000000,2025-04-06 14:00:00,0.06310699,0.82679687,2.53975673,2.71360038,2025-04-06 14:00:00,1743948000000,52.81033601501741,1743948000000,71935.75,71994.16,71764.95,71867.77,1743948000,1
1743951600000,2025-04-06 15:00:00,1.60355715,1.0461224,119.8617,120.26678625,2025-04-06 15:00:00,1743951600000,20.7866804276761,1743951600000,72706.72,72706.72,71935.75,71935.75,1743951600,1
1743955200000,2025-04-06 16:00:00,5.51408906,1.80772559,165.17752863,165.42267178,2025-04-06 16:00:00,1743955200000,51.04152716265642,1743955200000,72623.6,72969.37,72613.03,72706.72,1743955200,2
1743958800000,2025-04-06 17:00:00,1.35369885,1.94687152,97.55247451,98.82001623,2025-04-06 17:00:00,1743958800000,65.95769208082098,1743958800000,73240.39,73628.47,72544.2,72623.6,1743958800,0
1743962400000,2025-04-06 18:00:00,3.44405696,1.92242594,314.59596145,375.40220859,2025-04-06 18:00:00,1743962400000,79.83279207643119,1743962400000,72964.79,73626.15,72953.58,73240.39,1743962400,2
1743966000000,2025-04-06 19:00:00,0.52267312,1.94994264,29.36913724,30.83771432,2025-04-06 19:00:00,1743966000000,107.84576974481254,1743966000000,72900.35,73131.76,72684.03,72964.79,1743966000,0
1743969600000,2025-04-06 20:00:00,0.12338448,1.80350952,7.29917829,7.77322219,2025-04-06 20:00:00,1743969600000,79.78004502039872,1743969600000,72710.45,73152.56,72416.31,72900.35,1743969600,0
1743973200000,2025-04-06 21:00:00,2.27075208,2.11888739,97.12374046,97.64233964,2025-04-06 21:00:00,1743973200000,98.1996234003078,1743973200000,72822.63,72822.63,72185.21,72710.45,1743973200,0
1743976800000,2025-04-06 22:00:00,0.22816276,1.92240247,11.78690881,12.54895169,2025-04-06 22:00:00,1743976800000,41.71117777795263,1743976800000,73284.33,73797.5,72523.25,72822.63,1743976800,0
1743980400000,2025-04-06 23:00:00,1.63169636,1.36777494,112.75678056,119.11383451,2025-04-06 23:00:00,1743980400000,42.329157127514215,1743980400000,73114.28,73481.28,72828.25,73284.33,1743980400,0
1743984000000,2025-04-07 00:00:00,1.42843514,1.37845156,75.99150548,84.27767317,2025-04-07 00:00:00,1743984000000,74.42202445468877,1743984000000,73099.32,73224.7,72576.25,73114.28,1743984000,0
1743987600000,2025-04-07 01:00:00,1.88033196,1.15506227,147.46973051,154.187221,2025-04-07 01:00:00,1743987600000,89.96953518886784,1743987600000,73286.89,73456.82,73016.52,73099.32,1743987600,0
1743991200000,2025-04-07 02:00:00,0.82170536,1.19778116,35.2438244,36.97674119,2025-04-07 02:00:00,1743991200000,75.49091129492697,1743991200000,73124.84,73490.55,73124.84,73286.89,1743991200,0
1743994800000,2025-04-07 03:00:00,1.48452503,1.39222981,73.96552524,75.71077635,2025-04-07 03:00:00,1743994800000,93.7189390550071,1743994800000,73624.13,73700.81,73070.74,73124.84,1743994800,0
1743998400000,2025-04-07 04:00:00,1.01921585,1.21343892,155.62482449,194.67022752,2025-04-07 04:00:00,1743998400000,112.71535750547574,1743998400000,73874.82,73949.12,73480.17,73624.13,1743998400,2
1744002000000,2025-04-07 05:00:00,0.82231,1.2983171,13.96319887,13.97926999,2025-04-07 05:00:00,1744002000000,138.5459531990454,1744002000000,74457.12,74457.12,73800.2,73874.82,1744002000,0
1744005600000,2025-04-07 06:00:00,2.12000336,1.36807524,234.74488,309.52049077,2025-04-07 06:00:00,1744005600000,147.9067478157647,1744005600000,73399.05,74528.39,72987.91,74457.12,1744005600,2
1744009200000,2025-04-07 07:00:00,0.91323314,1.29447496,73.83847674,96.80271292,2025-04-07 07:00:00,1744009200000,136.68251868992118,1744009200000,73986.57,74125.6,73139.08,73399.05,1744009200,0
1744012800000,2025-04-07 08:00:00,1.05683884,1.17683308,135.93671693,200.79937953,2025-04-07 08:00:00,1744012800000,130.99697826322534,1744012800000,73379.08,74247.62,73286.8,73986.57,1744012800,2
1744016400000,2025-04-07 09:00:00,3.1656533,1.51168279,280.65913324,294.40575731,2025-04-07 09:00:00,1744016400000,128.74321156098998,1744016400000,73060.87,73380.15,72875.66,73379.08,1744016400,2
1744020000000,2025-04-07 10:00:00,3.41827261,1.78793244,105.8033812,105.96645088,2025-04-07 10:00:00,1744020000000,136.45618691010654,1744020000000,73060.87,73060.87,73060.87,73060.87,1744020000,0
1744023600000,2025-04-07 11:00:00,0.47802961,1.71062012,48.58992449,53.06128664,2025-04-07 11:00:00,1744023600000,120.17807140996015,1744023600000,73323.58,73793.67,73275.18,73462.19,1744023600,0
1744027200000,2025-04-07 12:00:00,4.51140983,2.23763438,435.40823736,437.60675359,2025-04-07 12:00:00,1744027200000,120.43250680047448,1744027200000,73484.67,74110.72,73323.58,73323.58,1744027200,2
1744030800000,2025-04-07 13:00:00,0.9246217,2.06686558,80.39772275,94.31141357,2025-04-07 13:00:00,1744030800000,64.34902393609691,1744030800000,73226.95,73597.21,72800.81,73484.67,1744030800,0
1744034400000,2025-04-07 14:00:00,1.06702253,2.08883549,75.07384153,76.82562212,2025-04-07 14:00:00,1744034400000,91.2263944152295,1744034400000,71020.53,73371.57,70197.12,73226.95,1744034400,0
1744038000000,2025-04-07 15:00:00,2.02994379,2.22785048,129.03914695,140.06612145,2025-04-07 15:00:00,1744038000000,117.70540733571768,1744038000000,70849.84,71665.22,70006.08,71020.53,1744038000,0
1744041600000,2025-04-07 16:00:00,0.32996159,1.82275167,11.38051378,11.54865574,2025-04-07 16:00:00,1744041600000,139.37415360449697,1744041600000,70937.38,71069.42,70655.86,70849.84,1744041600,0
1744045200000,2025-04-07 17:00:00,0.65338063,1.4277671,42.06100148,44.42988283,2025-04-07 17:00:00,1744045200000,121.3348494929987,1744045200000,70684.23,70937.38,70156.05,70937.38,1744045200,0
1744048800000,2025-04-07 18:00:00,0.69630648,1.45894951,55.73485178,57.09713145,2025-04-07 18:00:00,1744048800000,110.43109344874684,1744048800000,69917.94,70765.93,69917.94,70684.23,1744048800,0
1744052400000,2025-04-07 19:00:00,0.68453981,0.91225379,22.43493939,22.58981385,2025-04-07 19:00:00,1744052400000,124.56275760716444,1744052400000,69469.75,69957.72,69437.44,69917.94,1744052400,1
1744056000000,2025-04-07 20:00:00,0.12154568,0.79752864,5.39519631,5.59110119,2025-04-07 20:00:00,1744056000000,104.20503231297197,1744056000000,70116.28,70251.57,69444.52,69469.75,1744056000,1
1744059600000,2025-04-07 21:00:00,0.09663155,0.65890136,5.8827176,6.08778739,2025-04-07 21:00:00,1744059600000,106.19511785831295,1744059600000,70014.6,70240.59,69942.81,70116.28,1744059600,1
1744063200000,2025-04-07 22:00:00,0.25068356,0.40472133,9.57462051,9.77665898,2025-04-07 22:00:00,1744063200000,95.68110457646684,1744063200000,72192.45,72215.07,70014.6,70014.6,1744063200,1
1744066800000,2025-04-07 23:00:00,0.52897101,0.43315125,13.69965537,13.75324638,2025-04-07 23:00:00,1744066800000,79.741756406395,1744066800000,70875.06,72195.65,70875.06,72192.45,1744066800,1
1744070400000,2025-04-08 00:00:00,0.52185488,0.41436185,34.9342701,35.48613156,2025-04-08 00:00:00,1744070400000,79.46174990016344,1744070400000,70550.1,70875.06,70550.1,70875.06,1744070400,1
1744074000000,2025-04-08 01:00:00,0.20234358,0.34379572,12.08694092,12.54530181,2025-04-08 01:00:00,1744074000000,68.15372993660425,1744074000000,70675.4,70675.4,69840.02,70550.1,1744074000,1
1744077600000,2025-04-08 02:00:00,0.53338462,0.32220213,45.36218881,47.47123145,2025-04-08 02:00:00,1744077600000,34.9318088021243,1744077600000,71059.81,71220.8,70675.4,70675.4,1744077600,1
1744081200000,2025-04-08 03:00:00,1.21899754,0.47898096,26.71478524,26.81794577,2025-04-08 03:00:00,1744081200000,97.30988076743212,1744081200000,70744.15,71059.81,70727.76,71059.81,1744081200,1
1744084800000,2025-04-08 04:00:00,1.24892575,0.64359442,93.34651234,94.91835672,2025-04-08 04:00:00,1744084800000,125.30383019407552,1744084800000,71076.23,71106.72,70731.23,70744.15,1744084800,1
1744088400000,2025-04-08 05:00:00,1.14459098,0.77129548,66.18892518,69.82004995,2025-04-08 05:00:00,1744088400000,79.71565932495919,1744088400000,70884.5,71099.77,70862.65,71076.23,1744088400,1
1744092000000,2025-04-08 06:00:00,0.53219706,0.77175634,34.65012169,35.12500616,2025-04-08 06:00:00,1744092000000,37.597436395373656,1744092000000,70585.19,70964.38,70506.72,70884.5,1744092000,1
1744095600000,2025-04-08 07:00:00,0.28860997,0.73843564,21.85477632,23.08879795,2025-04-08 07:00:00,1744095600000,50.185221959652985,1744095600000,70837.62,70875.28,70564.9,70585.19,1744095600,1
1744099200000,2025-04-08 08:00:00,0.50311017,0.7814023,27.90754539,28.17416953,2025-04-08 08:00:00,1744099200000,20.87954916924292,1744099200000,70686.8,70893.93,70604.16,70837.62,1744099200,1
1744102800000,2025-04-08 09:00:00,0.29774129,0.74773897,22.15445865,27.68994026,2025-04-08 09:00:00,1744102800000,36.17166274461859,1744102800000,71068.46,71176.09,70686.8,70686.8,1744102800,1
1744106400000,2025-04-08 10:00:00,0.41129719,0.6323532,30.59522833,32.08118121,2025-04-08 10:00:00,1744106400000,80.22167422678734,1744106400000,71024.84,71147.74,70983.73,71068.46,1744106400,1
1744110000000,2025-04-08 11:00:00,0.96898901,0.59236224,35.65756485,35.85259335,2025-04-08 11:00:00,1744110000000,100.13518972911396,1744110000000,70776.61,71408.92,70773.81,71024.84,1744110000,1
1744113600000,2025-04-08 12:00:00,1.67422859,0.66802475,123.26282823,125.56714437,2025-04-08 12:00:00,1744113600000,62.88995200649768,1744113600000,71318.51,71423.23,70776.61,70776.61,1744113600,1
1744117200000,2025-04-08 13:00:00,0.74406906,0.69829218,46.96012021,48.36448899,2025-04-08 13:00:00,1744117200000,80.21509366098853,1744117200000,71854.42,72343.31,71313.4,71318.51,1744117200,1
1744120800000,2025-04-08 14:00:00,1.88952392,0.92699418,58.41808456,58.57524141,2025-04-08 14:00:00,1744120800000,73.15621639296421,1744120800000,71431.2,72096.22,71326.24,71854.42,1744120800,0
1744124400000,2025-04-08 15:00:00,1.51265882,1.07121541,131.88416006,134.62663504,2025-04-08 15:00:00,1744124400000,99.92750999433083,1744124400000,70759.81,71468.98,70631.61,71431.2,1744124400,0
1744128000000,2025-04-08 16:00:00,0.78347209,1.14060553,67.10141195,69.72901571,2025-04-08 16:00:00,1744128000000,48.69821677965714,1744128000000,70876.35,70876.35,70309.92,70759.81,1744128000,0
1744131600000,2025-04-08 17:00:00,1.18571412,1.25123652,64.6782739,66.39999048,2025-04-08 17:00:00,1744131600000,60.12702260475426,1744131600000,71147.89,71299.11,70558.6,70876.35,1744131600,0
1744135200000,2025-04-08 18:00:00,1.62504558,1.34495888,51.92017032,52.00145855,2025-04-08 18:00:00,1744135200000,101.01634584776924,1744135200000,71327.43,71381.02,71049.3,71147.89,1744135200,0
1744138800000,2025-04-08 19:00:00,1.28448484,1.2892812,76.09008804,78.35357512,2025-04-08 19:00:00,1744138800000,102.51593635972468,1744138800000,71785.57,72065.37,71298.97,71327.43,1744138800,0
1744142400000,2025-04-08 20:00:00,1.95041586,1.46161646,125.70372395,130.67786238,2025-04-08 20:00:00,1744142400000,59.79839463094287,1744142400000,71822.74,71945.02,71780.93,71785.57,1744142400,0
1744146000000,2025-04-08 21:00:00,0.40355352,1.24933498,17.47425581,17.75635493,2025-04-08 21:00:00,1744146000000,70.51022872147652,1744146000000,71614.61,71822.74,71537.74,71822.74,1744146000,0
1744149600000,2025-04-08 22:00:00,0.62440833,1.12244205,34.52183746,35.59127487,2025-04-08 22:00:00,1744149600000,63.478631741989005,1744149600000,72887.4,72899.64,71614.61,71614.61,1744149600,0
1744153200000,2025-04-08 23:00:00,0.6495674,1.10331281,34.02027705,34.42707206,2025-04-08 23:00:00,1744153200000,55.94892039728674,1744153200000,73335.12,73442.94,72887.4,72887.4,1744153200,0
1744156800000,2025-04-09 00:00:00,1.62809966,1.16651074,37.40243161,37.4462922,2025-04-09 00:00:00,1744156800000,49.50543645271224,1744156800000,73898.76,73899.94,73335.12,73335.12,1744156800,0
1744160400000,2025-04-09 01:00:00,1.70097426,1.1773577,147.43807918,159.89158033,2025-04-09 01:00:00,1744160400000,95.21963307488714,1744160400000,73826.66,74147.02,73339.77,73898.76,1744160400,0
1744164000000,2025-04-09 02:00:00,1.82047777,1.25392811,40.02642802,40.05051085,2025-04-09 02:00:00,1744164000000,118.81266393512352,1744164000000,74499.77,74528.18,73826.66,73826.66,1744164000,0
1744167600000,2025-04-09 03:00:00,1.00212597,1.11845813,110.4374871,132.28062756,2025-04-09 03:00:00,1744167600000,88.89639556992073,1744167600000,74604.5,74607.09,74444.9,74499.77,1744167600,0
1744171200000,2025-04-09 04:00:00,0.59188943,1.14536326,38.89581284,39.65659208,2025-04-09 04:00:00,1744171200000,90.50839078808038,1744171200000,74869.22,75376.4,74604.5,74604.5,1744171200,0
1744174800000,2025-04-09 05:00:00,0.56812687,1.13732305,48.28493841,56.24456052,2025-04-09 05:00:00,1744174800000,77.7479522228813,1744174800000,75129.49,75163.75,74867.12,74869.22,1744174800,0
1744178400000,2025-04-09 06:00:00,1.98051851,1.32745892,49.41975163,49.51296264,2025-04-09 06:00:00,1744178400000,45.35369122981879,1744178400000,75098.71,75347.19,75035.95,75129.49,1744178400,0
1744182000000,2025-04-09 07:00:00,0.80045392,1.20922382,56.2320431,57.63268222,2025-04-09 07:00:00,1744182000000,126.87712469938845,1744182000000,74493.42,75312.62,74493.42,75098.71,1744182000,0
1744185600000,2025-04-09 08:00:00,0.71334732,1.06813426,59.42614923,62.0612171,2025-04-09 08:00:00,1744185600000,65.95340936366513,1744185600000,74110.22,74518.61,74106.35,74493.42,1744185600,0
1744189200000,2025-04-09 09:00:00,0.53777309,0.88489073,33.08309022,33.87970475,2025-04-09 09:00:00,1744189200000,98.77330523639118,1744189200000,74380.38,74393.57,74110.22,74110.22,1744189200,0
1744192800000,2025-04-09 10:00:00,0.33907369,0.79016898,17.01238515,17.29275801,2025-04-09 10:00:00,1744192800000,108.35969257071112,1744192800000,73893.09,74412.74,73846.72,74380.38,1744192800,0
1744196400000,2025-04-09 11:00:00,0.61372833,0.79328882,36.20199632,36.82369981,2025-04-09 11:00:00,1744196400000,104.04101040931292,1744196400000,73332.69,74828.87,73094.3,73893.09,1744196400,0
1744200000000,2025-04-09 12:00:00,0.91574399,0.84294841,50.69283528,51.2816632,2025-04-09 12:00:00,1744200000000,103.99512329392316,1744200000000,74501.63,74535.66,73275.21,73332.69,1744200000,0
1744203600000,2025-04-09 13:00:00,0.9962739,0.70234203,78.3362089,80.69818623,2025-04-09 13:00:00,1744203600000,108.39203035691968,1744203600000,75156.34,75156.34,74501.63,74501.63,1744203600,0
1744207200000,2025-04-09 14:00:00,1.12461445,0.74865068,78.62429061,83.22146923,2025-04-09 14:00:00,1744207200000,97.35556016764416,1744207200000,74669.9,75543.9,74641.42,75156.34,1744207200,0
1744210800000,2025-04-09 15:00:00,2.30477469,0.97599745,100.96362011,101.41008645,2025-04-09 15:00:00,1744210800000,94.25651446688654,1744210800000,73356.22,74752.24,73283.26,74669.9,1744210800,0
1744214400000,2025-04-09 16:00:00,0.23555236,0.93282306,10.45380984,10.59985601,2025-04-09 16:00:00,1744214400000,99.39542588260372,1744214400000,73463.35,73774.25,73223.97,73356.22,1744214400,0
1744218000000,2025-04-09 17:00:00,2.21772042,1.20120116,149.82090813,153.02270911,2025-04-09 17:00:00,1744218000000,106.15130625880094,1744218000000,76193.24,77727.54,73155.98,73463.35,1744218000,0
1744221600000,2025-04-09 18:00:00,2.15201816,1.42095685,263.94669863,290.52245116,2025-04-09 18:00:00,1744221600000,109.39123392100788,1744221600000,76477.61,77882.83,75721.55,76193.24,1744221600,0
1744225200000,2025-04-09 19:00:00,0.38383561,1.34496994,21.77126539,22.2624655,2025-04-09 19:00:00,1744225200000,96.9102104562644,1744225200000,75644.42,76528.19,75639.11,76477.61,1744225200,0
1744228800000,2025-04-09 20:00:00,3.94901733,1.76679043,215.97227815,217.19595311,2025-04-09 20:00:00,1744228800000,95.06588931168493,1744228800000,77031.35,78278.87,75644.42,75644.42,1744228800,0
1744232400000,2025-04-09 21:00:00,1.15158757,1.77064373,93.30062781,94.43018107,2025-04-09 21:00:00,1744232400000,89.17345437278618,1744232400000,75322.03,77034.15,75322.03,77031.35,1744232400,0
1744236000000,2025-04-09 22:00:00,0.18420152,1.46770471,7.13586543,7.36806081,2025-04-09 22:00:00,1744236000000,97.27093303028546,1744236000000,75129.15,75366.36,75121.11,75322.03,1744236000,0
1744239600000,2025-04-09 23:00:00,0.09459793,1.44756836,5.99168113,6.62185476,2025-04-09 23:00:00,1744239600000,92.59063910707609,1744239600000,74619.6,75129.15,74582.11,75129.15,1744239600,0
1744243200000,2025-04-10 00:00:00,0.35808832,1.18190663,18.81151045,21.12721099,2025-04-10 00:00:00,1744243200000,85.9920857062318,1744243200000,74492.66,74684.57,74477.38,74619.6,1744243200,0
1744246800000,2025-04-10 01:00:00,1.36422595,1.06936489,141.02802914,154.15753242,2025-04-10 01:00:00,1744246800000,59.00795729966818,1744246800000,74121.49,74555.1,74079.35,74492.66,1744246800,0
1744250400000,2025-04-10 02:00:00,0.632482,1.1048858,48.62429034,52.49600569,2025-04-10 02:00:00,1744250400000,82.4055193059782,1744250400000,74028.21,74222.88,73949.29,74121.49,1744250400,0
1744254000000,2025-04-10 03:00:00,0.80013304,0.65504519,63.46117163,69.61157436,2025-04-10 03:00:00,1744254000000,88.50580006543483,1744254000000,73387.65,74160.04,73387.65,74028.21,1744254000,0
1744257600000,2025-04-10 04:00:00,0.26937185,0.52901437,22.59163221,23.9740944,2025-04-10 04:00:00,1744257600000,40.04054573489981,1744257600000,73250.03,73387.65,73228.18,73387.65,1744257600,1
1744261200000,2025-04-10 05:00:00,0.42747875,0.56376826,29.12535083,29.92351234,2025-04-10 05:00:00,1744261200000,27.54381577656056,1744261200000,73188.34,73325.7,73148.59,73250.03,1744261200,1
1744264800000,2025-04-10 06:00:00,0.65760282,0.64419753,46.46303347,48.66260866,2025-04-10 06:00:00,1744264800000,51.43671139791074,1744264800000,73288.84,73417.73,73188.34,73188.34,1744264800,1
1744268400000,2025-04-10 07:00:00,0.73899425,0.69861267,70.21347673,72.42143633,2025-04-10 07:00:00,1744268400000,65.89822008532794,1744268400000,72788.6,73414.22,72788.6,73288.84,1744268400,1
