start_time,datetime,inflow_mean,inflow_mean_ma7,inflow_top10,inflow_total,date,hour
1740992400000,2025-03-03 09:00:00,0.07551228,0.72324853,2.67330888,2.86946682,2025-03-03,9
1740996000000,2025-03-03 10:00:00,0.65868031,0.75431004,121.8823896,133.05342165,2025-03-03,10
1740999600000,2025-03-03 11:00:00,0.09144757,0.7108033,8.11473375,9.96778492,2025-03-03,11
1741003200000,2025-03-03 12:00:00,0.27237746,0.70385717,18.17587104,21.24544164,2025-03-03,12
1741006800000,2025-03-03 13:00:00,0.13865633,0.69873007,19.24394106,21.07576146,2025-03-03,13
1741010400000,2025-03-03 14:00:00,0.66513914,0.47411453,54.05836856,56.53682682,2025-03-03,14
1741014000000,2025-03-03 15:00:00,0.17713283,0.29699227,38.31186082,46.58593376,2025-03-03,15
1741017600000,2025-03-03 16:00:00,1.01154946,0.43071187,89.38039816,91.03945167,2025-03-03,16
1741021200000,2025-03-03 17:00:00,0.77815672,0.44777993,60.07159341,60.69622418,2025-03-03,17
1741024800000,2025-03-03 18:00:00,0.42226252,0.49503921,42.08755914,48.56019015,2025-03-03,18
1741028400000,2025-03-03 19:00:00,0.3226367,0.5022191,24.81994164,29.0373033,2025-03-03,19
1741032000000,2025-03-03 20:00:00,1.68337219,0.72289279,103.12096472,106.05244827,2025-03-03,20
1741035600000,2025-03-03 21:00:00,3.07321166,1.06690315,285.11912377,285.80868429,2025-03-03,21
1741039200000,2025-03-03 22:00:00,0.2537303,1.07784565,14.91643368,15.22381819,2025-03-03,22
1741042800000,2025-03-03 23:00:00,0.36652626,0.98569948,11.23816596,11.3623141,2025-03-03,23
1741046400000,2025-03-04 00:00:00,0.7043843,0.97516056,60.28728657,61.98581858,2025-03-04,0
1741050000000,2025-03-04 01:00:00,1.64038378,1.14917788,204.05816044,206.68835643,2025-03-04,1
1741053600000,2025-03-04 02:00:00,0.69870378,1.20290175,120.59993,153.01612775,2025-03-04,2
1741057200000,2025-03-04 03:00:00,0.33437862,1.01018839,41.28807578,49.82241489,2025-03-04,3
1741060800000,2025-03-04 04:00:00,0.85588942,0.69342807,104.67545244,120.68040795,2025-03-04,4
1741064400000,2025-03-04 05:00:00,0.1971055,0.68533881,11.35334111,12.41764629,2025-03-04,5
1741068000000,2025-03-04 06:00:00,0.33611456,0.68099428,29.73171891,33.27534185,2025-03-04,6
1741071600000,2025-03-04 07:00:00,1.8795634,0.84887701,79.50499023,80.82122623,2025-03-04,7
1741075200000,2025-03-04 08:00:00,0.48095353,0.68324412,73.55885358,81.76210013,2025-03-04,8
1741078800000,2025-03-04 09:00:00,1.10911728,0.74187462,137.78839662,143.07612871,2025-03-04,9
1741082400000,2025-03-04 10:00:00,0.75956771,0.80261591,63.02354113,66.082391,2025-03-04,10
1741086000000,2025-03-04 11:00:00,0.61351434,0.7679909,32.6019275,33.12977418,2025-03-04,11
1741089600000,2025-03-04 12:00:00,1.00971101,0.8840774,168.01247433,182.7576928,2025-03-04,12
1741093200000,2025-03-04 13:00:00,1.06914128,0.98879551,177.79988044,180.68487669,2025-03-04,13
1741096800000,2025-03-04 14:00:00,0.24140882,0.75477342,28.12620041,32.10737372,2025-03-04,14
1741100400000,2025-03-04 15:00:00,0.15794511,0.70862936,16.32605642,20.05902943,2025-03-04,15
1741104000000,2025-03-04 16:00:00,0.52482986,0.62515973,68.12367186,75.57549998,2025-03-04,16
1741107600000,2025-03-04 17:00:00,0.24893884,0.55221275,33.33756456,35.34931529,2025-03-04,17
1741111200000,2025-03-04 18:00:00,0.26149632,0.50192446,28.69200007,30.33357275,2025-03-04,18
1741114800000,2025-03-04 19:00:00,0.78270511,0.46949505,74.36046235,81.40133115,2025-03-04,19
1741118400000,2025-03-04 20:00:00,0.8208809,0.43402928,14.76845189,14.77585615,2025-03-04,20
1741122000000,2025-03-04 21:00:00,0.86132838,0.52258922,71.05559961,73.21291193,2025-03-04,21
1741125600000,2025-03-04 22:00:00,0.26783864,0.53828829,28.13589555,29.46225045,2025-03-04,22
1741129200000,2025-03-04 23:00:00,0.0405838,0.46911028,2.54062828,3.53079052,2025-03-04,23
1741132800000,2025-03-05 00:00:00,0.07230331,0.44387664,6.97272307,8.89330731,2025-03-05,0
1741136400000,2025-03-05 01:00:00,1.81539101,0.66586159,160.36463233,161.56979995,2025-03-05,1
1741140000000,2025-03-05 02:00:00,0.52262796,0.62870771,51.42457006,54.87593554,2025-03-05,2
1741143600000,2025-03-05 03:00:00,0.23126451,0.5444768,23.79089311,27.28921202,2025-03-05,3
1741147200000,2025-03-05 04:00:00,0.18320921,0.44760263,21.37667231,23.63398862,2025-03-05,4
1741150800000,2025-03-05 05:00:00,0.30973195,0.45358739,40.57248955,46.15005987,2025-03-05,5
1741154400000,2025-03-05 06:00:00,1.15712126,0.61309274,69.57889435,70.58439704,2025-03-05,6
1741158000000,2025-03-05 07:00:00,0.21492124,0.63346673,18.70531548,21.27720253,2025-03-05,7
1741161600000,2025-03-05 08:00:00,0.828792,0.49252402,101.90336096,106.08537655,2025-03-05,8
1741165200000,2025-03-05 09:00:00,0.33031351,0.46505053,18.21234389,19.15818377,2025-03-05,9
1741168800000,2025-03-05 10:00:00,0.71507123,0.53416577,78.05102454,85.09347695,2025-03-05,10
1741172400000,2025-03-05 11:00:00,0.348531,0.55778317,18.9825507,21.95745274,2025-03-05,11
1741176000000,2025-03-05 12:00:00,1.10721083,0.67170872,128.71432669,132.86529938,2025-03-05,12
1741179600000,2025-03-05 13:00:00,0.52582631,0.58152373,57.38170748,62.04750494,2025-03-05,13
1741183200000,2025-03-05 14:00:00,0.05566726,0.55877316,5.1473801,6.12339914,2025-03-05,14
1741186800000,2025-03-05 15:00:00,0.24325262,0.47512468,26.69314313,31.37958742,2025-03-05,15
1741190400000,2025-03-05 16:00:00,0.32033348,0.47369896,25.57778522,26.58767881,2025-03-05,16
1741194000000,2025-03-05 17:00:00,0.11212288,0.38756348,4.27765208,4.37279238,2025-03-05,17
1741197600000,2025-03-05 18:00:00,0.1601572,0.36065294,9.19364077,10.08990332,2025-03-05,18
1741201200000,2025-03-05 19:00:00,0.07728093,0.2135201,6.13355306,7.03256478,2025-03-05,19
1741204800000,2025-03-05 20:00:00,0.17417488,0.16328418,14.41665774,15.50156412,2025-03-05,20
1741208400000,2025-03-05 21:00:00,0.15600884,0.17761869,11.94071855,12.79272485,2025-03-05,21
1741212000000,2025-03-05 22:00:00,1.86050462,0.40865469,77.83192584,78.14119394,2025-03-05,22
1741215600000,2025-03-05 23:00:00,0.32601061,0.40946571,20.42619593,20.86467919,2025-03-05,23
1741219200000,2025-03-06 00:00:00,0.06291094,0.40243543,6.49926062,8.99626429,2025-03-06,0
1741222800000,2025-03-06 01:00:00,0.61233384,0.46703209,55.29817742,59.39638201,2025-03-06,1
1741226400000,2025-03-06 02:00:00,0.54761439,0.53422259,51.97279257,56.95189666,2025-03-06,2
1741230000000,2025-03-06 03:00:00,1.76215198,0.76107646,139.22782866,144.49646201,2025-03-06,3
1741233600000,2025-03-06 04:00:00,0.44451233,0.80229124,39.82806583,43.11769602,2025-03-06,4
1741237200000,2025-03-06 05:00:00,0.15949824,0.55929033,15.64445724,20.57527235,2025-03-06,5
1741240800000,2025-03-06 06:00:00,0.28337501,0.55319953,29.95083229,33.72162662,2025-03-06,6
1741244400000,2025-03-06 07:00:00,0.19290804,0.57177055,22.99724922,32.21564228,2025-03-06,7
1741248000000,2025-03-06 08:00:00,0.60747132,0.5710759,77.165383,87.47587025,2025-03-06,8
1741251600000,2025-03-06 09:00:00,2.7459339,0.88512155,212.8779118,216.928778,2025-03-06,9
1741255200000,2025-03-06 10:00:00,0.54703622,0.71153358,69.41749509,77.13210659,2025-03-06,10
1741258800000,2025-03-06 11:00:00,0.29240986,0.68980466,29.57930935,34.79677314,2025-03-06,11
1741262400000,2025-03-06 12:00:00,0.63237704,0.75735877,42.27773176,46.16352391,2025-03-06,12
1741266000000,2025-03-06 13:00:00,0.2993871,0.75964621,34.70257383,40.41725842,2025-03-06,13
1741269600000,2025-03-06 14:00:00,1.18596152,0.90151099,110.34281779,120.96807478,2025-03-06,14
1741273200000,2025-03-06 15:00:00,0.3149699,0.85972508,41.48754364,48.50536458,2025-03-06,15
1741276800000,2025-03-06 16:00:00,0.54585047,0.54542744,53.55382586,57.86014936,2025-03-06,16
1741280400000,2025-03-06 17:00:00,0.81842873,0.5841978,61.54142066,62.20058372,2025-03-06,17
1741284000000,2025-03-06 18:00:00,0.38069309,0.59680969,31.6367948,34.64307119,2025-03-06,18
1741287600000,2025-03-06 19:00:00,0.23103598,0.53947526,13.16801641,13.63112265,2025-03-06,19
1741291200000,2025-03-06 20:00:00,0.07970134,0.50809158,3.28926848,3.5865603,2025-03-06,20
1741294800000,2025-03-06 21:00:00,0.23840272,0.37272603,16.89790401,17.64180163,2025-03-06,21
1741298400000,2025-03-06 22:00:00,0.02816887,0.33175446,1.17756139,1.3239369,2025-03-06,22
1741302000000,2025-03-06 23:00:00,0.069004,0.26363353,4.00422938,4.3472522,2025-03-06,23
1741305600000,2025-03-07 00:00:00,0.21154714,0.17693616,25.8432236,28.98195871,2025-03-07,0
1741309200000,2025-03-07 01:00:00,0.1537415,0.14451451,10.21168813,11.68435429,2025-03-07,1
1741312800000,2025-03-07 02:00:00,0.9425596,0.24616074,135.04560883,140.44138068,2025-03-07,2
1741316400000,2025-03-07 03:00:00,0.6781888,0.33165895,34.2344443,35.94400624,2025-03-07,3
1741320000000,2025-03-07 04:00:00,0.92413006,0.42962,127.15623962,136.77124897,2025-03-07,4
1741323600000,2025-03-07 05:00:00,1.41116105,0.62719031,83.82340004,86.08082434,2025-03-07,5
1741327200000,2025-03-07 06:00:00,0.52946368,0.69297026,68.90286971,73.0659877,2025-03-07,6
1741330800000,2025-03-07 07:00:00,0.8133815,0.7789466,44.04804838,44.73598273,2025-03-07,7
1741334400000,2025-03-07 08:00:00,0.19730016,0.78516926,16.41101593,16.9678134,2025-03-07,8
1741338000000,2025-03-07 09:00:00,0.30884398,0.69463846,35.61940665,38.60549774,2025-03-07,9
1741341600000,2025-03-07 10:00:00,0.40778922,0.65600995,55.16419591,58.31385835,2025-03-07,10
1741345200000,2025-03-07 11:00:00,0.14470662,0.54466374,19.85405814,23.73188515,2025-03-07,11
1741348800000,2025-03-07 12:00:00,0.50287205,0.41490817,45.96214712,51.79582075,2025-03-07,12
1741352400000,2025-03-07 13:00:00,2.75679091,0.73309778,194.93423147,195.73215476,2025-03-07,13
1741356000000,2025-03-07 14:00:00,1.07692233,0.77074647,172.25967342,180.92295161,2025-03-07,14
1741359600000,2025-03-07 15:00:00,0.65124812,0.83559618,64.68474119,70.33479718,2025-03-07,15
1741363200000,2025-03-07 16:00:00,0.3412272,0.84022235,27.47088829,29.34553893,2025-03-07,16
1741366800000,2025-03-07 17:00:00,1.61891804,1.01324075,166.05994736,182.93773879,2025-03-07,17
1741370400000,2025-03-07 18:00:00,1.10445481,1.15034764,49.4159776,49.70046646,2025-03-07,18
1741374000000,2025-03-07 19:00:00,0.53434105,1.15484321,32.01435417,32.594804,2025-03-07,19
1741377600000,2025-03-07 20:00:00,1.67987448,1.000998,126.11055114,131.03020925,2025-03-07,20
1741381200000,2025-03-07 21:00:00,1.30125739,1.03304587,58.10651971,58.55658239,2025-03-07,21
1741384800000,2025-03-07 22:00:00,3.3772786,1.4224788,245.27769863,246.54133756,2025-03-07,22
1741388400000,2025-03-07 23:00:00,0.03728346,1.37905826,2.54735402,2.79625946,2025-03-07,23
1741392000000,2025-03-08 00:00:00,0.02290917,1.15105699,0.85211136,1.16836791,2025-03-08,0
1741395600000,2025-03-08 01:00:00,0.04912314,1.00029533,3.84045889,4.86319065,2025-03-08,1
1741399200000,2025-03-08 02:00:00,0.11533382,0.94043715,5.99286133,6.22802618,2025-03-08,2
1741402800000,2025-03-08 03:00:00,0.12175797,0.71784908,14.99372088,16.68084163,2025-03-08,3
1741406400000,2025-03-08 04:00:00,0.03568097,0.53705245,0.59361474,0.60657649,2025-03-08,4
1741410000000,2025-03-08 05:00:00,0.11063092,0.07038849,6.67996661,6.96974822,2025-03-08,5
1741413600000,2025-03-08 06:00:00,0.23879458,0.0991758,24.82300895,26.26740377,2025-03-08,6
1741417200000,2025-03-08 07:00:00,0.26275116,0.13343894,3.41303808,3.41576506,2025-03-08,7
1741420800000,2025-03-08 08:00:00,0.75733247,0.2346117,88.19485773,89.36523165,2025-03-08,8
1741424400000,2025-03-08 09:00:00,0.14448893,0.23877671,9.00745473,9.53626907,2025-03-08,9
1741428000000,2025-03-08 10:00:00,0.13868071,0.24119425,11.1039145,11.7878606,2025-03-08,10
1741431600000,2025-03-08 11:00:00,0.1278151,0.25435627,5.29533921,5.49604926,2025-03-08,11
1741435200000,2025-03-08 12:00:00,0.2903428,0.28002939,21.56929518,23.51776696,2025-03-08,12
1741438800000,2025-03-08 13:00:00,0.11823564,0.26280669,14.28810544,15.84357583,2025-03-08,13
1741442400000,2025-03-08 14:00:00,0.11913157,0.2422896,10.60777782,12.86620933,2025-03-08,14
1741446000000,2025-03-08 15:00:00,0.09047394,0.1470241,5.28241636,5.6998581,2025-03-08,15
1741449600000,2025-03-08 16:00:00,0.39170734,0.18234101,35.37733025,36.42878271,2025-03-08,16
1741453200000,2025-03-08 17:00:00,0.05377545,0.17021169,3.38001898,3.60295544,2025-03-08,17
1741456800000,2025-03-08 18:00:00,0.06038403,0.16057868,2.12963042,2.23420894,2025-03-08,18
1741460400000,2025-03-08 19:00:00,0.05111765,0.12640366,2.21125408,2.45364724,2025-03-08,19
1741464000000,2025-03-08 20:00:00,0.28025269,0.14954895,11.37185597,11.49036049,2025-03-08,20
1741467600000,2025-03-08 21:00:00,0.88687192,0.25922615,35.42616971,35.47487676,2025-03-08,21
1741471200000,2025-03-08 22:00:00,0.26979148,0.28484294,9.6580827,9.71249316,2025-03-08,22
1741474800000,2025-03-08 23:00:00,0.05552592,0.23681702,2.49438469,2.60971817,2025-03-08,23
1741478400000,2025-03-09 00:00:00,0.10846468,0.24462977,1.72107302,1.73543491,2025-03-09,0
1741482000000,2025-03-09 01:00:00,0.1527739,0.25782832,15.02599681,15.43016425,2025-03-09,1
1741485600000,2025-03-09 02:00:00,0.38329173,0.30528176,29.01184043,30.28004638,2025-03-09,2
1741489200000,2025-03-09 03:00:00,0.30537097,0.30887009,30.06600312,31.14783931,2025-03-09,3
1741492800000,2025-03-09 04:00:00,0.14936686,0.20351222,12.63338301,13.4430172,2025-03-09,4
1741496400000,2025-03-09 05:00:00,0.09916916,0.1791376,7.04674874,7.43768691,2025-03-09,5
1741500000000,2025-03-09 06:00:00,0.0275722,0.17514421,1.39714003,1.54404301,2025-03-09,6
1741503600000,2025-03-09 07:00:00,0.38432717,0.21455314,25.28730678,25.74992059,2025-03-09,7
1741507200000,2025-03-09 08:00:00,0.34355342,0.24180736,34.62598101,35.38600218,2025-03-09,8
1741510800000,2025-03-09 09:00:00,0.04106293,0.19291753,2.72468138,3.12078246,2025-03-09,9
1741514400000,2025-03-09 10:00:00,0.15377481,0.17126094,13.01309847,13.99350803,2025-03-09,10
1741518000000,2025-03-09 11:00:00,2.35879086,0.48689294,65.82665338,66.04614398,2025-03-09,11
1741521600000,2025-03-09 12:00:00,0.0731543,0.48317653,6.39867999,8.046973,2025-03-09,12
1741525200000,2025-03-09 13:00:00,0.48028489,0.54784977,32.49952952,34.5805121,2025-03-09,13
1741528800000,2025-03-09 14:00:00,0.2429647,0.52765513,49.49737539,58.0685644,2025-03-09,14
1741532400000,2025-03-09 15:00:00,0.02669509,0.48238965,10.06520836,13.64119312,2025-03-09,15
1741536000000,2025-03-09 16:00:00,0.88844636,0.60344443,108.226627,110.16734918,2025-03-09,16
1741539600000,2025-03-09 17:00:00,0.98212282,0.72177986,63.61654952,64.82010591,2025-03-09,17
1741543200000,2025-03-09 18:00:00,0.47313215,0.45240004,21.64605277,22.71034311,2025-03-09,18
1741546800000,2025-03-09 19:00:00,0.90230746,0.5708505,46.20541263,46.91998795,2025-03-09,19
1741550400000,2025-03-09 20:00:00,0.23485025,0.5357884,10.2974886,10.33341104,2025-03-09,20
1741554000000,2025-03-09 21:00:00,1.06430112,0.65312218,69.78376327,70.24387398,2025-03-09,21
1741557600000,2025-03-09 22:00:00,1.85389934,0.91415136,98.81319151,101.96446367,2025-03-09,22
1741561200000,2025-03-09 23:00:00,1.20248563,0.95901411,109.86172,122.65353471,2025-03-09,23
1741564800000,2025-03-10 00:00:00,1.07460246,0.97222549,76.72145538,84.89359455,2025-03-10,0
1741568400000,2025-03-10 01:00:00,0.89640377,1.03269286,21.49202894,21.51369047,2025-03-10,1
1741572000000,2025-03-10 02:00:00,1.92537848,1.17884586,219.811567,259.92609417,2025-03-10,2
1741575600000,2025-03-10 03:00:00,1.34389137,1.33728031,161.90000444,167.98642082,2025-03-10,3
1741579200000,2025-03-10 04:00:00,1.23329487,1.36142227,90.99019694,96.19700018,2025-03-10,4
1741582800000,2025-03-10 05:00:00,0.78387271,1.20856133,55.70211645,65.061435,2025-03-10,5
1741586400000,2025-03-10 06:00:00,0.67429173,1.13310506,36.94383536,37.76033667,2025-03-10,6
1741590000000,2025-03-10 07:00:00,0.8787141,1.105121,76.15167106,79.0842688,2025-03-10,7
1741593600000,2025-03-10 08:00:00,1.09754023,1.13385478,94.32705355,98.77862058,2025-03-10,8
1741597200000,2025-03-10 09:00:00,0.66733637,0.95413448,56.19682279,59.39293711,2025-03-10,9
1741600800000,2025-03-10 10:00:00,2.02711831,1.05173833,48.56396125,48.65083941,2025-03-10,10
1741604400000,2025-03-10 11:00:00,1.2060455,1.04784556,78.09294132,82.01109383,2025-03-10,11
1741608000000,2025-03-10 12:00:00,4.39506956,1.56373083,634.0064181,668.05057271,2025-03-10,12
1741611600000,2025-03-10 13:00:00,0.27886466,1.50724125,14.7655664,15.33755614,2025-03-10,13
1741615200000,2025-03-10 14:00:00,1.37786036,1.57854786,185.20742971,223.21337819,2025-03-10,14
1741618800000,2025-03-10 15:00:00,0.36747381,1.47425265,33.76577913,35.64495989,2025-03-10,15
1741622400000,2025-03-10 16:00:00,0.45345334,1.44369793,36.14321702,41.2642541,2025-03-10,16
1741626000000,2025-03-10 17:00:00,2.87462998,1.56477103,225.52773288,235.71965812,2025-03-10,17
1741629600000,2025-03-10 18:00:00,1.1389496,1.5551859,117.64224187,136.67395206,2025-03-10,18
1741633200000,2025-03-10 19:00:00,2.62412064,1.3021932,314.30172523,404.1145779,2025-03-10,19
1741636800000,2025-03-10 20:00:00,0.93909363,1.39651162,81.19133243,86.39661372,2025-03-10,20
1741640400000,2025-03-10 21:00:00,0.9332509,1.33299599,50.49103599,52.26205031,2025-03-10,21
1741644000000,2025-03-10 22:00:00,1.35578453,1.47418323,68.8299303,69.14501122,2025-03-10,22
1741647600000,2025-03-10 23:00:00,1.33812098,1.60056432,67.1516354,68.24417003,2025-03-10,23
1741651200000,2025-03-11 00:00:00,0.76750454,1.2995464,28.81797926,29.16517242,2025-03-11,0
1741654800000,2025-03-11 01:00:00,2.51529253,1.49616682,357.29713244,515.63496907,2025-03-11,1
1741658400000,2025-03-11 02:00:00,0.57427102,1.20333116,66.10553144,78.67512928,2025-03-11,2
1741662000000,2025-03-11 03:00:00,1.31205715,1.25661166,110.40748124,116.77308612,2025-03-11,3
1741665600000,2025-03-11 04:00:00,0.77365381,1.23381208,61.33266953,68.85518921,2025-03-11,4
1741669200000,2025-03-11 05:00:00,0.92985554,1.17296508,78.55148654,86.47656483,2025-03-11,5
1741672800000,2025-03-11 06:00:00,0.6365825,1.0727453,48.25100589,54.10951263,2025-03-11,6
1741676400000,2025-03-11 07:00:00,0.27152565,1.00189117,19.30062898,23.89425724,2025-03-11,7
1741680000000,2025-03-11 08:00:00,1.75573402,0.89338281,206.32260747,212.44381593,2025-03-11,8
1741683600000,2025-03-11 09:00:00,0.86191623,0.93447499,67.81398093,72.40096316,2025-03-11,9
1741687200000,2025-03-11 10:00:00,1.15915711,0.91263212,149.883399,156.48621032,2025-03-11,10
1741690800000,2025-03-11 11:00:00,0.95604161,0.93868752,47.83448291,48.75812186,2025-03-11,11
1741694400000,2025-03-11 12:00:00,2.86143344,1.21462722,324.85614208,357.67918025,2025-03-11,12
1741698000000,2025-03-11 13:00:00,3.16638999,1.57602829,286.79441958,307.13982857,2025-03-11,13
1741701600000,2025-03-11 14:00:00,0.68060842,1.63446869,40.80634338,42.19772183,2025-03-11,14
1741705200000,2025-03-11 15:00:00,2.78625633,1.78168616,52.89208965,52.93887021,2025-03-11,15
1741708800000,2025-03-11 16:00:00,0.55763513,1.73821743,30.98878791,31.78520221,2025-03-11,16
1741712400000,2025-03-11 17:00:00,1.03541067,1.72053937,86.80768331,89.04531783,2025-03-11,17
1741716000000,2025-03-11 18:00:00,0.65170927,1.67706332,81.27261875,93.19442615,2025-03-11,18
1741719600000,2025-03-11 19:00:00,0.25096363,1.30413906,16.14537256,18.32034532,2025-03-11,19
1741723200000,2025-03-11 20:00:00,0.16709966,0.87566902,10.13937751,10.52727851,2025-03-11,20
1741726800000,2025-03-11 21:00:00,0.15080591,0.79998294,4.44159153,4.52417729,2025-03-11,21
1741730400000,2025-03-11 22:00:00,0.20936284,0.4318553,11.99058294,12.35240733,2025-03-11,22
1741734000000,2025-03-11 23:00:00,0.23765077,0.38614325,13.28021663,13.54609394,2025-03-11,23
1741737600000,2025-03-12 00:00:00,0.1421584,0.25853578,5.94312888,6.11281112,2025-03-12,0
1741741200000,2025-03-12 01:00:00,0.19667393,0.19353073,14.28740431,15.14389224,2025-03-12,1
1741744800000,2025-03-12 02:00:00,0.13444024,0.17688454,11.1321424,12.77182297,2025-03-12,2
1741748400000,2025-03-12 03:00:00,0.2568571,0.18970703,25.30626029,32.3639949,2025-03-12,3
1741752000000,2025-03-12 04:00:00,0.60115531,0.25404266,15.79999902,16.23119324,2025-03-12,4
1741755600000,2025-03-12 05:00:00,0.28122739,0.26430902,26.51608423,28.40396689,2025-03-12,5
1741759200000,2025-03-12 06:00:00,0.55088416,0.30905665,38.50539419,39.66365917,2025-03-12,6
1741762800000,2025-03-12 07:00:00,0.9754474,0.42809793,82.29680583,86.81481853,2025-03-12,7
1741766400000,2025-03-12 08:00:00,0.33402045,0.44771886,24.45653253,25.71957459,2025-03-12,8
1741770000000,2025-03-12 09:00:00,0.31088224,0.47292486,22.71215936,26.7358725,2025-03-12,9
1741773600000,2025-03-12 10:00:00,2.21679349,0.75291578,171.96279498,175.12668557,2025-03-12,10
1741777200000,2025-03-12 11:00:00,0.24679953,0.70229352,21.71823148,25.42035147,2025-03-12,11
1741780800000,2025-03-12 12:00:00,0.17848232,0.68761566,14.27304835,15.88492642,2025-03-12,12
1741784400000,2025-03-12 13:00:00,0.60770857,0.69573343,56.44803781,58.94773087,2025-03-12,13
1741788000000,2025-03-12 14:00:00,0.37321313,0.60969996,20.37308932,20.89993512,2025-03-12,14
1741791600000,2025-03-12 15:00:00,0.24002999,0.59627275,33.59230482,36.00449833,2025-03-12,15
1741795200000,2025-03-12 16:00:00,2.39164546,0.89352464,158.89012399,160.24024573,2025-03-12,16
1741798800000,2025-03-12 17:00:00,0.40180043,0.63423992,23.2680538,23.70622563,2025-03-12,17
1741802400000,2025-03-12 18:00:00,0.08293727,0.61083102,5.03687522,5.39092234,2025-03-12,18
1741806000000,2025-03-12 19:00:00,0.46571793,0.65186468,28.91628277,29.34022962,2025-03-12,19
1741809600000,2025-03-12 20:00:00,0.5539975,0.64419167,37.94685032,39.33382269,2025-03-12,20
1741813200000,2025-03-12 21:00:00,0.97898943,0.73073114,42.01844302,44.05452457,2025-03-12,21
1741816800000,2025-03-12 22:00:00,0.43515621,0.75860632,16.30659066,16.53593599,2025-03-12,22
1741820400000,2025-03-12 23:00:00,0.85957961,0.53973977,52.0891873,56.73225394,2025-03-12,23
1741824000000,2025-03-13 00:00:00,1.95312808,0.761358,135.17223296,144.53147784,2025-03-13,0
1741827600000,2025-03-13 01:00:00,0.67207266,0.8455202,34.47920674,36.29192337,2025-03-13,1
1741831200000,2025-03-13 02:00:00,0.67888425,0.87597253,72.11887138,85.5394157,2025-03-13,2
1741834800000,2025-03-13 03:00:00,0.60435313,0.8831662,62.61508884,70.10496276,2025-03-13,3
1741838400000,2025-03-13 04:00:00,0.27434983,0.7825034,25.65800787,27.70933236,2025-03-13,4
1741842000000,2025-03-13 05:00:00,0.14449721,0.74098068,7.98774445,8.38083828,2025-03-13,5
1741845600000,2025-03-13 06:00:00,0.84591384,0.73902843,69.59612403,71.9026763,2025-03-13,6
1741849200000,2025-03-13 07:00:00,0.1776318,0.4853861,16.9064422,18.47370679,2025-03-13,7
1741852800000,2025-03-13 08:00:00,0.37789935,0.44336134,47.30341056,51.7722104,2025-03-13,8
1741856400000,2025-03-13 09:00:00,3.36779281,0.82749114,317.00212303,319.94031669,2025-03-13,9
1741860000000,2025-03-13 10:00:00,0.42103052,0.80130219,33.97446169,35.36656337,2025-03-13,10
1741863600000,2025-03-13 11:00:00,0.20933434,0.79201427,15.25851248,15.70007514,2025-03-13,11
1741867200000,2025-03-13 12:00:00,0.41361082,0.83045907,43.2977886,45.49719066,2025-03-13,12
1741870800000,2025-03-13 13:00:00,0.54415227,0.78735027,56.39702218,62.57751059,2025-03-13,13
1741874400000,2025-03-13 14:00:00,1.06672504,0.91436359,23.43936627,23.46795094,2025-03-13,14
1741878000000,2025-03-13 15:00:00,1.38603523,1.058383,94.69388107,98.40850152,2025-03-13,15
1741881600000,2025-03-13 16:00:00,0.7632759,0.68630916,79.96636792,83.19707294,2025-03-13,16
1741885200000,2025-03-13 17:00:00,2.36200726,0.96359155,73.17089804,73.22222514,2025-03-13,17
1741888800000,2025-03-13 18:00:00,1.86214497,1.19970736,108.05913417,109.86655349,2025-03-13,18
1741892400000,2025-03-13 19:00:00,0.95146573,1.27654377,103.67848882,122.73907924,2025-03-13,19
1741896000000,2025-03-13 20:00:00,0.29420075,1.24083641,17.0284147,17.35784439,2025-03-13,20
1741899600000,2025-03-13 21:00:00,0.8991691,1.21689985,32.9993398,33.26925666,2025-03-13,21
1741903200000,2025-03-13 22:00:00,0.01513484,1.02105694,0.60643981,0.80214678,2025-03-13,22
1741906800000,2025-03-13 23:00:00,0.63073836,1.002123,52.95230237,54.24349901,2025-03-13,23
1741910400000,2025-03-14 00:00:00,0.90106005,0.79341626,57.377807,57.66784324,2025-03-14,0
1741914000000,2025-03-14 01:00:00,0.95978845,0.66450818,64.638381,66.22540292,2025-03-14,1
1741917600000,2025-03-14 02:00:00,0.36750631,0.58108541,30.00594774,33.07556833,2025-03-14,2
1741921200000,2025-03-14 03:00:00,0.22944315,0.57183432,18.78578931,20.42044017,2025-03-14,3
1741924800000,2025-03-14 04:00:00,0.53242118,0.51944176,46.7839286,47.38548462,2025-03-14,4
1741928400000,2025-03-14 05:00:00,0.56969866,0.59866517,50.36679019,56.40016763,2025-03-14,5
1741932000000,2025-03-14 06:00:00,0.82330603,0.62617483,35.91081032,36.22546519,2025-03-14,6
1741935600000,2025-03-14 07:00:00,0.70791212,0.59858227,65.95801833,67.25165152,2025-03-14,7
1741939200000,2025-03-14 08:00:00,0.95738455,0.59823886,78.54700342,83.29245605,2025-03-14,8
1741942800000,2025-03-14 09:00:00,0.75009484,0.65289436,71.38140925,78.75995869,2025-03-14,9
1741946400000,2025-03-14 10:00:00,0.47448025,0.68789966,21.8974734,22.77505181,2025-03-14,10
1741950000000,2025-03-14 11:00:00,0.30875198,0.65594692,27.85371706,29.33143842,2025-03-14,11
1741953600000,2025-03-14 12:00:00,0.61597889,0.66255838,41.12609915,41.88656444,2025-03-14,12
1741957200000,2025-03-14 13:00:00,0.16344503,0.56829252,8.27777116,8.49914167,2025-03-14,13
1741960800000,2025-03-14 14:00:00,1.99095195,0.75158393,282.8880544,288.68803249,2025-03-14,14
1741964400000,2025-03-14 15:00:00,3.32096968,1.08923895,319.40695637,332.09696849,2025-03-14,15
1741968000000,2025-03-14 16:00:00,0.21670188,1.01303995,20.49584843,24.70401441,2025-03-14,16
1741971600000,2025-03-14 17:00:00,0.11428256,0.96158314,5.09765173,5.25699787,2025-03-14,17
1741975200000,2025-03-14 18:00:00,0.14090873,0.93760553,10.66083857,14.37269014,2025-03-14,18
1741978800000,2025-03-14 19:00:00,0.11850114,0.86653728,4.79509193,4.97704805,2025-03-14,19
1741982400000,2025-03-14 20:00:00,0.77823439,0.95436433,40.17166283,40.46818827,2025-03-14,20
1741986000000,2025-03-14 21:00:00,0.05347402,0.67758177,2.35984629,2.62022706,2025-03-14,21
1741989600000,2025-03-14 22:00:00,3.44653533,0.69551972,202.21206353,203.34558435,2025-03-14,22
1741993200000,2025-03-14 23:00:00,0.08559604,0.67679032,5.20854717,5.56374237,2025-03-14,23
1741996800000,2025-03-15 00:00:00,0.54824255,0.7387846,27.5422293,27.96036984,2025-03-15,0
1742000400000,2025-03-15 01:00:00,0.05690111,0.72678351,4.34792046,5.06419869,2025-03-15,1
1742004000000,2025-03-15 02:00:00,0.45597065,0.77499344,28.19152478,28.72615111,2025-03-15,2
1742007600000,2025-03-15 03:00:00,1.20219158,0.83555875,94.9232928,96.1753264,2025-03-15,3
1742011200000,2025-03-15 04:00:00,0.10432563,0.84282327,10.16644006,12.10177339,2025-03-15,4
1742014800000,2025-03-15 05:00:00,0.17412961,0.37533674,8.29749357,8.70648071,2025-03-15,5
1742018400000,2025-03-15 06:00:00,0.32661255,0.40976767,24.86755973,25.47577897,2025-03-15,6
1742022000000,2025-03-15 07:00:00,0.08758797,0.34395987,4.30014423,4.46698625,2025-03-15,7
1742025600000,2025-03-15 08:00:00,0.04176811,0.34179801,2.81995946,3.59205769,2025-03-15,8
1742029200000,2025-03-15 09:00:00,0.13458468,0.29588573,6.10608836,6.32547973,2025-03-15,9
1742032800000,2025-03-15 10:00:00,0.20256457,0.15308187,12.33656909,13.97695549,2025-03-15,10
1742036400000,2025-03-15 11:00:00,0.07268212,0.14856137,3.33107011,3.48874169,2025-03-15,11
1742040000000,2025-03-15 12:00:00,0.32476413,0.17008059,16.34983592,16.88773475,2025-03-15,12
1742043600000,2025-03-15 13:00:00,0.04749643,0.13020686,1.7484456,1.89985719,2025-03-15,13
1742047200000,2025-03-15 14:00:00,1.25166687,0.29650384,88.49150874,88.86834768,2025-03-15,14
1742050800000,2025-03-15 15:00:00,0.12530432,0.30843759,12.65774083,13.65817049,2025-03-15,15
1742054400000,2025-03-15 16:00:00,0.1484349,0.31041619,3.36214877,3.41400279,2025-03-15,16
1742058000000,2025-03-15 17:00:00,0.02057111,0.28441713,0.82232147,0.92569979,2025-03-15,17
1742061600000,2025-03-15 18:00:00,0.01778839,0.27657516,1.36844339,1.68989685,2025-03-15,18
1742065200000,2025-03-15 19:00:00,0.13449748,0.24939421,9.69872897,10.08731063,2025-03-15,19
1742068800000,2025-03-15 20:00:00,0.13639528,0.26209405,5.43655928,5.59220643,2025-03-15,20
1742072400000,2025-03-15 21:00:00,0.075903,0.09412778,2.82569959,2.96021683,2025-03-15,21
1742076000000,2025-03-15 22:00:00,0.05529661,0.08412668,1.94016859,1.99067794,2025-03-15,22
1742079600000,2025-03-15 23:00:00,0.0214645,0.06598805,0.63911465,0.66539961,2025-03-15,23
1742083200000,2025-03-16 00:00:00,0.0349444,0.06804138,1.47419936,1.64238676,2025-03-16,0
1742086800000,2025-03-16 01:00:00,0.03003079,0.06979029,0.95159342,0.99101608,2025-03-16,1
1742090400000,2025-03-16 02:00:00,0.09964822,0.06481183,8.93458607,9.86517377,2025-03-16,2
1742094000000,2025-03-16 03:00:00,0.34404723,0.09447639,25.77712014,30.9642508,2025-03-16,3
1742097600000,2025-03-16 04:00:00,0.07693967,0.09462449,3.74760274,4.07780274,2025-03-16,4
1742101200000,2025-03-16 05:00:00,0.25667163,0.12339235,19.65280345,21.56041666,2025-03-16,5
1742104800000,2025-03-16 06:00:00,0.0455834,0.12683791,2.4948626,2.68942045,2025-03-16,6
1742108400000,2025-03-16 07:00:00,0.11635534,0.13846804,5.62238451,6.05047753,2025-03-16,7
1742112000000,2025-03-16 08:00:00,0.18688219,0.16087538,10.75792631,11.02604901,2025-03-16,8
1742115600000,2025-03-16 09:00:00,0.18690514,0.17334066,7.38585124,7.47620575,2025-03-16,9
1742119200000,2025-03-16 10:00:00,0.14818392,0.14536018,8.35694556,8.59466765,2025-03-16,10
1742122800000,2025-03-16 11:00:00,0.63866089,0.22560607,63.35117151,65.78207202,2025-03-16,11
1742126400000,2025-03-16 12:00:00,0.06817774,0.19867837,3.33517113,4.70426388,2025-03-16,12
1742130000000,2025-03-16 13:00:00,0.18375996,0.21841788,12.42956331,14.14951688,2025-03-16,13
1742133600000,2025-03-16 14:00:00,0.41484063,0.26105864,27.54757436,28.6240032,2025-03-16,14
1742137200000,2025-03-16 15:00:00,0.4414813,0.29742994,25.13704994,25.60591555,2025-03-16,15
1742140800000,2025-03-16 16:00:00,0.83573766,0.3901203,86.40508879,88.58819221,2025-03-16,16
1742144400000,2025-03-16 17:00:00,0.16866235,0.39304579,7.97164358,8.09579273,2025-03-16,17
1742148000000,2025-03-16 18:00:00,0.10542635,0.31686943,3.1189526,3.16279039,2025-03-16,18
1742151600000,2025-03-16 19:00:00,0.32317948,0.35329825,14.57133382,14.86625609,2025-03-16,19
1742155200000,2025-03-16 20:00:00,0.14400267,0.34761863,3.43779386,3.45606398,2025-03-16,20
1742158800000,2025-03-16 21:00:00,0.29040947,0.32984275,13.73665517,13.93965452,2025-03-16,21
1742162400000,2025-03-16 22:00:00,0.4554523,0.33183861,13.19085553,13.20811663,2025-03-16,22
1742166000000,2025-03-16 23:00:00,0.11461552,0.22882116,1.71331416,1.71923274,2025-03-16,23
1742169600000,2025-03-17 00:00:00,0.22126513,0.23633585,15.02951614,15.48855905,2025-03-17,0
1742173200000,2025-03-17 01:00:00,0.14875888,0.24252621,7.17730652,7.7354619,2025-03-17,1
1742176800000,2025-03-17 02:00:00,0.15901237,0.21907376,11.69291323,12.88000198,2025-03-17,2
1742180400000,2025-03-17 03:00:00,0.37752512,0.25243411,33.66419078,36.61993649,2025-03-17,3
1742184000000,2025-03-17 04:00:00,0.20833015,0.2407085,12.7855148,13.54145946,2025-03-17,4
1742187600000,2025-03-17 05:00:00,0.56840326,0.25684435,45.01008213,47.17747096,2025-03-17,5
1742191200000,2025-03-17 06:00:00,0.64139475,0.33209852,39.3301017,41.690659,2025-03-17,6
1742194800000,2025-03-17 07:00:00,1.17182304,0.46789251,28.06417871,28.12375288,2025-03-17,7
1742198400000,2025-03-17 08:00:00,0.37039511,0.49955483,37.81741836,46.29938922,2025-03-17,8
1742202000000,2025-03-17 09:00:00,0.19709049,0.50499456,19.24112996,20.6945017,2025-03-17,9
1742205600000,2025-03-17 10:00:00,6.82112143,1.42550832,190.7986579,190.9914,2025-03-17,10
1742209200000,2025-03-17 11:00:00,0.26537418,1.43365747,21.431456,22.82217908,2025-03-17,11
1742212800000,2025-03-17 12:00:00,2.02905645,1.64232221,107.0629949,109.56904834,2025-03-17,12
1742216400000,2025-03-17 13:00:00,0.24013331,1.58499914,24.77086518,27.6153306,2025-03-17,13
1742220000000,2025-03-17 14:00:00,1.14144035,1.58065876,101.96198914,111.86115438,2025-03-17,14
1742223600000,2025-03-17 15:00:00,1.90649621,1.80010177,66.4908653,66.72736737,2025-03-17,15
1742227200000,2025-03-17 16:00:00,0.90019028,1.9005446,94.48600182,99.02093086,2025-03-17,16
1742230800000,2025-03-17 17:00:00,0.41846034,0.98587873,25.58345041,26.36300137,2025-03-17,17
1742234400000,2025-03-17 18:00:00,0.39159055,1.00390964,24.45970737,27.01974802,2025-03-17,18
1742238000000,2025-03-17 19:00:00,0.88998514,0.84118517,66.16678235,72.08879656,2025-03-17,19
1742241600000,2025-03-17 20:00:00,0.65744602,0.90080127,28.02385589,28.27017883,2025-03-17,20
1742245200000,2025-03-17 21:00:00,1.00102794,0.88074235,60.09980483,64.06578794,2025-03-17,21
1742248800000,2025-03-17 22:00:00,0.22579082,0.64064158,9.27199055,9.48321453,2025-03-17,22
1742252400000,2025-03-17 23:00:00,0.167577,0.53598254,3.50200369,3.51911699,2025-03-17,23
1742256000000,2025-03-18 00:00:00,0.8281732,0.59451295,53.70879651,55.4876047,2025-03-18,0
1742259600000,2025-03-18 01:00:00,0.11472416,0.55496061,5.98736165,6.30982897,2025-03-18,1
1742263200000,2025-03-18 02:00:00,0.25154756,0.46375524,29.68888947,32.70118323,2025-03-18,2
1742266800000,2025-03-18 03:00:00,1.9523826,0.64874618,145.08884413,146.42869492,2025-03-18,3
1742270400000,2025-03-18 04:00:00,0.53809763,0.58261328,49.28567506,52.73356821,2025-03-18,4
1742274000000,2025-03-18 05:00:00,0.14540254,0.57112924,5.52033588,5.670699,2025-03-18,5
1742277600000,2025-03-18 06:00:00,0.89147578,0.67454335,94.03467713,96.27938376,2025-03-18,6
1742281200000,2025-03-18 07:00:00,0.56082193,0.63635031,29.40949917,29.72356253,2025-03-18,7
1742284800000,2025-03-18 08:00:00,1.37454339,0.81632449,73.08408658,74.2253432,2025-03-18,8
1742288400000,2025-03-18 09:00:00,0.50362616,0.85233572,38.54949667,39.28284049,2025-03-18,9
1742292000000,2025-03-18 10:00:00,0.3156895,0.61852242,27.80921322,30.30619244,2025-03-18,10
1742295600000,2025-03-18 11:00:00,0.2299617,0.574503,17.33961684,18.85685952,2025-03-18,11
1742299200000,2025-03-18 12:00:00,0.20130403,0.58248893,13.98206622,15.50041047,2025-03-18,12
1742302800000,2025-03-18 13:00:00,1.48303405,0.66699725,131.43550908,133.47306471,2025-03-18,13
1742306400000,2025-03-18 14:00:00,1.24023525,0.7640563,97.91519514,112.8614079,2025-03-18,14
1742310000000,2025-03-18 15:00:00,0.84459645,0.68834959,68.03205608,69.25690861,2025-03-18,15
1742313600000,2025-03-18 16:00:00,0.09685579,0.63023954,4.37178145,4.45536624,2025-03-18,16
1742317200000,2025-03-18 17:00:00,0.28253916,0.62550378,22.12139607,23.16821091,2025-03-18,17
1742320800000,2025-03-18 18:00:00,0.88020782,0.71839608,28.10075534,28.16665035,2025-03-18,18
1742324400000,2025-03-18 19:00:00,8.68945723,1.93098939,382.19367358,382.33611832,2025-03-18,19
1742328000000,2025-03-18 20:00:00,0.62221126,1.80801471,37.04831145,37.33267552,2025-03-18,20
1742331600000,2025-03-18 21:00:00,0.45515517,1.69586041,35.22788231,35.95725818,2025-03-18,21
1742335200000,2025-03-18 22:00:00,0.34634087,1.62468104,17.83441022,18.35606613,2025-03-18,22
1742338800000,2025-03-18 23:00:00,0.57763833,1.69336426,24.73741246,24.8384482,2025-03-18,23
1742342400000,2025-03-19 00:00:00,0.10625522,1.66818084,7.91140979,8.92543849,2025-03-19,0
1742346000000,2025-03-19 01:00:00,0.30833829,1.5864852,16.13267139,16.65026764,2025-03-19,1
1742349600000,2025-03-19 02:00:00,0.37852022,0.39920848,24.687616,25.73937486,2025-03-19,2
1742353200000,2025-03-19 03:00:00,0.1933222,0.33793861,15.03330774,18.94557604,2025-03-19,3
1742356800000,2025-03-19 04:00:00,0.64336089,0.36482515,42.8831721,43.74854025,2025-03-19,4
1742360400000,2025-03-19 05:00:00,0.49319587,0.38580443,40.63889821,42.41484487,2025-03-19,5
1742364000000,2025-03-19 06:00:00,0.45443375,0.36820378,44.15119304,45.89780902,2025-03-19,6
1742367600000,2025-03-19 07:00:00,0.26121715,0.3903412,15.06532154,16.19546357,2025-03-19,7
1742371200000,2025-03-19 08:00:00,0.22431022,0.37833719,16.40427884,17.27188672,2025-03-19,8
1742374800000,2025-03-19 09:00:00,0.52795795,0.39968543,44.91064537,47.5162157,2025-03-19,9
1742378400000,2025-03-19 10:00:00,3.95847826,0.93756487,301.67429555,304.80282578,2025-03-19,10
1742382000000,2025-03-19 11:00:00,0.25258653,0.88173996,14.86865557,16.16553773,2025-03-19,11
1742385600000,2025-03-19 12:00:00,0.2057981,0.84068314,25.56933806,29.42912881,2025-03-19,12
1742389200000,2025-03-19 13:00:00,1.36327837,0.97051808,112.61628627,114.51538294,2025-03-19,13
1742392800000,2025-03-19 14:00:00,9.77378936,2.32945697,419.56523546,420.27294238,2025-03-19,14
1742396400000,2025-03-19 15:00:00,0.18595563,2.32397774,17.56829223,20.08320754,2025-03-19,15
1742400000000,2025-03-19 16:00:00,0.062746,2.25751889,4.19213649,4.7059497,2025-03-19,16
1742403600000,2025-03-19 17:00:00,0.37002288,1.74488241,28.16061492,30.34187598,2025-03-19,17
1742407200000,2025-03-19 18:00:00,0.41255044,1.7677344,29.31501046,30.94128312,2025-03-19,18
1742410800000,2025-03-19 19:00:00,0.92017718,1.86978855,57.2895905,63.49222547,2025-03-19,19
1742414400000,2025-03-19 20:00:00,0.76711997,1.78462307,55.67130133,55.99975797,2025-03-19,20
1742418000000,2025-03-19 21:00:00,0.01847034,0.39100606,0.42752868,0.46175849,2025-03-19,21
1742421600000,2025-03-19 22:00:00,0.11081884,0.38027224,4.33493685,4.6543911,2025-03-19,22
1742425200000,2025-03-19 23:00:00,0.10780416,0.38670912,9.14634411,9.91798244,2025-03-19,23
1742428800000,2025-03-20 00:00:00,1.79505512,0.59028515,126.17334028,129.24396876,2025-03-20,0
1742432400000,2025-03-20 01:00:00,0.14246545,0.55170158,21.02214945,23.36433422,2025-03-20,1
1742436000000,2025-03-20 02:00:00,0.53829968,0.49714765,44.12922509,47.37037143,2025-03-20,2
1742439600000,2025-03-20 03:00:00,0.51118819,0.46058597,50.21096956,53.67476023,2025-03-20,3
1742443200000,2025-03-20 04:00:00,0.17357848,0.48274427,15.89205736,17.70500485,2025-03-20,4
1742446800000,2025-03-20 05:00:00,0.32816203,0.5137933,23.0662438,25.92480041,2025-03-20,5
1742450400000,2025-03-20 06:00:00,0.29406874,0.54040253,21.08350092,22.64329316,2025-03-20,6
1742454000000,2025-03-20 07:00:00,0.30182577,0.32708405,15.97247235,16.90224325,2025-03-20,7
1742457600000,2025-03-20 08:00:00,0.27991318,0.34671944,31.62242243,34.98914741,2025-03-20,8
1742461200000,2025-03-20 09:00:00,0.14555361,0.29061286,12.28427758,13.68203924,2025-03-20,9
1742464800000,2025-03-20 10:00:00,0.56652676,0.29851837,39.98049185,41.35645383,2025-03-20,10
1742468400000,2025-03-20 11:00:00,0.70694627,0.37471377,18.76317534,19.08754923,2025-03-20,11
1742472000000,2025-03-20 12:00:00,0.09229419,0.34101836,10.39927756,12.55200981,2025-03-20,12
1742475600000,2025-03-20 13:00:00,0.17536823,0.32406114,14.10861241,15.25703577,2025-03-20,13
1742479200000,2025-03-20 14:00:00,0.25318833,0.31711294,20.65588509,26.83796331,2025-03-20,14
1742482800000,2025-03-20 15:00:00,1.33669788,0.46808218,81.24879166,81.53857092,2025-03-20,15
1742486400000,2025-03-20 16:00:00,1.2539054,0.62641815,54.6406282,55.17183777,2025-03-20,16
1742490000000,2025-03-20 17:00:00,0.41510341,0.60478624,34.26703397,36.52910019,2025-03-20,17
1742493600000,2025-03-20 18:00:00,0.15305043,0.52565827,5.54837501,5.66286588,2025-03-20,18
1742497200000,2025-03-20 19:00:00,0.3390723,0.56091228,12.13985722,12.20660272,2025-03-20,19
1742500800000,2025-03-20 20:00:00,0.25310839,0.57201802,14.14342258,14.68028681,2025-03-20,20
1742504400000,2025-03-20 21:00:00,0.0310765,0.54028776,1.29515995,1.36736622,2025-03-20,21
1742508000000,2025-03-20 22:00:00,0.22521783,0.38150489,9.81582602,9.90958436,2025-03-20,22
1742511600000,2025-03-20 23:00:00,0.37193458,0.25550906,18.36755052,18.5967288,2025-03-20,23
1742515200000,2025-03-21 00:00:00,0.1187959,0.21317942,5.82619335,6.17738661,2025-03-21,0
1742518800000,2025-03-21 01:00:00,0.04000305,0.19702979,0.99849124,1.20009136,2025-03-21,1
1742522400000,2025-03-21 02:00:00,0.40798439,0.20687438,50.16448624,54.66990891,2025-03-21,2
1742526000000,2025-03-21 03:00:00,0.70539753,0.27148711,63.46008865,65.60196997,2025-03-21,3
1742529600000,2025-03-21 04:00:00,1.43486446,0.47202825,136.68910868,140.61671735,2025-03-21,4
1742533200000,2025-03-21 05:00:00,0.99922965,0.58260137,45.25880157,45.96456376,2025-03-21,5
1742536800000,2025-03-21 06:00:00,0.82783959,0.64773065,66.4795806,68.71068588,2025-03-21,6
1742540400000,2025-03-21 07:00:00,0.82299793,0.74833094,79.26725253,82.29979271,2025-03-21,7
1742544000000,2025-03-21 08:00:00,0.1500985,0.76405886,12.27942902,14.85975164,2025-03-21,8
1742547600000,2025-03-21 09:00:00,0.08944279,0.71855292,3.09390596,3.39882608,2025-03-21,9
1742551200000,2025-03-21 10:00:00,0.48029897,0.68639598,30.92291687,31.69973232,2025-03-21,10
1742554800000,2025-03-21 11:00:00,1.81692013,0.74097537,180.68182998,183.50893269,2025-03-21,11
1742558400000,2025-03-21 12:00:00,0.11456224,0.61459431,4.01918375,4.12424056,2025-03-21,12
1742562000000,2025-03-21 13:00:00,0.48054078,0.56498019,37.69920457,39.40434414,2025-03-21,13
1742565600000,2025-03-21 14:00:00,0.48641871,0.51689745,34.64229465,37.94065923,2025-03-21,14
1742569200000,2025-03-21 15:00:00,0.31544516,0.5405184,17.35108253,17.98037398,2025-03-21,15
1742572800000,2025-03-21 16:00:00,0.33837693,0.57608042,25.10956289,26.05502367,2025-03-21,16
1742576400000,2025-03-21 17:00:00,0.10977692,0.5231487,7.22308517,7.90393794,2025-03-21,17
1742580000000,2025-03-21 18:00:00,0.04860112,0.27053169,1.93549155,2.04124705,2025-03-21,18
1742583600000,2025-03-21 19:00:00,0.05296389,0.26173193,4.23138069,4.44896712,2025-03-21,19
1742587200000,2025-03-21 20:00:00,4.28799518,0.80565399,162.87489194,162.94381696,2025-03-21,20
1742590800000,2025-03-21 21:00:00,0.02159266,0.73925027,0.71310844,0.77733593,2025-03-21,21
1742594400000,2025-03-21 22:00:00,0.36042992,0.74567666,17.66036953,18.02149601,2025-03-21,22
1742598000000,2025-03-21 23:00:00,0.05627233,0.705376,3.02258842,3.32006748,2025-03-21,23
1742601600000,2025-03-22 00:00:00,0.18622664,0.71629739,7.14769703,7.26283905,2025-03-22,0
1742605200000,2025-03-22 01:00:00,0.16611656,0.73308531,9.01544371,9.30252731,2025-03-22,1
1742608800000,2025-03-22 02:00:00,0.02059985,0.72846188,0.80827651,1.02999272,2025-03-22,2
1742612400000,2025-03-22 03:00:00,0.31210662,0.1604778,32.07865295,34.64383478,2025-03-22,3
1742616000000,2025-03-22 04:00:00,0.02882727,0.16151131,0.77661092,0.86481815,2025-03-22,4
1742619600000,2025-03-22 05:00:00,0.06446909,0.11923119,5.59748228,6.12456382,2025-03-22,5
1742623200000,2025-03-22 06:00:00,0.52026769,0.18551625,29.19868667,29.65525828,2025-03-22,6
1742626800000,2025-03-22 07:00:00,0.22442035,0.19097249,14.91807524,15.26058411,2025-03-22,7
1742630400000,2025-03-22 08:00:00,0.1640398,0.19067581,8.92353084,9.18622854,2025-03-22,8
1742634000000,2025-03-22 09:00:00,0.13390974,0.20686294,5.80269652,6.02593842,2025-03-22,9
1742637600000,2025-03-22 10:00:00,0.25972208,0.19937943,26.37878819,27.01109625,2025-03-22,10
1742641200000,2025-03-22 11:00:00,0.17433588,0.22016638,10.80599408,10.98316075,2025-03-22,11
1742644800000,2025-03-22 12:00:00,0.22204675,0.24267747,17.1016229,17.31964624,2025-03-22,12
1742648400000,2025-03-22 13:00:00,1.33690386,0.35933978,82.69269349,82.88803927,2025-03-22,13
1742652000000,2025-03-22 14:00:00,1.80511411,0.58515317,106.24627106,106.50173253,2025-03-22,14
1742655600000,2025-03-22 15:00:00,1.03586546,0.7096997,74.23316204,75.61817822,2025-03-22,15
1742659200000,2025-03-22 16:00:00,0.96894287,0.82899014,26.10190263,26.16145742,2025-03-22,16
1742662800000,2025-03-22 17:00:00,0.60994077,0.87902139,22.5165445,22.56780831,2025-03-22,17
1742666400000,2025-03-22 18:00:00,0.06833335,0.86387817,2.27393773,2.32333385,2025-03-22,18
1742670000000,2025-03-22 19:00:00,0.46485725,0.89856538,29.4666356,30.21572131,2025-03-22,19
1742673600000,2025-03-22 20:00:00,0.05324573,0.71518565,3.35342582,3.72720125,2025-03-22,20
1742677200000,2025-03-22 21:00:00,0.18485517,0.48372009,4.94862346,4.9910896,2025-03-22,21
1742680800000,2025-03-22 22:00:00,0.05987449,0.3442928,2.78707734,2.87397539,2025-03-22,22
1742684400000,2025-03-22 23:00:00,0.13318616,0.22489899,4.89527565,4.92788807,2025-03-22,23
1742688000000,2025-03-23 00:00:00,0.25865738,0.17471565,12.3344319,12.41555433,2025-03-23,0
1742691600000,2025-03-23 01:00:00,0.43318892,0.22683787,15.96633722,16.02799021,2025-03-23,1
1742695200000,2025-03-23 02:00:00,0.0494187,0.16748951,2.0219217,2.22384162,2025-03-23,2
1742698800000,2025-03-23 03:00:00,0.28568652,0.20069533,16.22821742,17.99825057,2025-03-23,3
1742702400000,2025-03-23 04:00:00,0.162263,0.19746788,10.32837208,10.70935824,2025-03-23,4
1742706000000,2025-03-23 05:00:00,0.17463383,0.21386207,5.97638896,6.11218408,2025-03-23,5
1742709600000,2025-03-23 06:00:00,0.39670013,0.25150693,19.58356319,19.83500658,2025-03-23,6
1742713200000,2025-03-23 07:00:00,0.24173443,0.24908936,12.6097529,13.0536593,2025-03-23,7
1742716800000,2025-03-23 08:00:00,0.05345052,0.19484102,1.96691847,2.08457027,2025-03-23,8
1742720400000,2025-03-23 09:00:00,0.23952547,0.22199913,16.69573013,17.2458341,2025-03-23,9
1742724000000,2025-03-23 10:00:00,0.33075779,0.22843788,11.16904319,11.24576502,2025-03-23,10
1742727600000,2025-03-23 11:00:00,0.32533219,0.25173348,16.34384274,16.59194169,2025-03-23,11
1742731200000,2025-03-23 12:00:00,0.58458119,0.31029739,19.2034386,19.29117919,2025-03-23,12
1742734800000,2025-03-23 13:00:00,0.42942955,0.31497302,22.05319861,22.33033661,2025-03-23,13
1742738400000,2025-03-23 14:00:00,1.86259842,0.54652502,115.21759438,117.34370041,2025-03-23,14
1742742000000,2025-03-23 15:00:00,0.10854236,0.55439528,5.54533444,5.75274485,2025-03-23,15
1742745600000,2025-03-23 16:00:00,0.44201223,0.58332196,23.32160865,24.31067239,2025-03-23,16
1742749200000,2025-03-23 17:00:00,0.2739839,0.57521141,12.91720083,13.15122724,2025-03-23,17
1742752800000,2025-03-23 18:00:00,0.0760103,0.53959399,1.36547162,1.3681854,2025-03-23,18
1742756400000,2025-03-23 19:00:00,0.16233438,0.47927302,7.13930926,7.30504705,2025-03-23,19
1742760000000,2025-03-23 20:00:00,0.03750206,0.42328338,0.96395681,1.01255562,2025-03-23,20
1742763600000,2025-03-23 21:00:00,0.02187427,0.16032279,0.71157134,0.83122232,2025-03-23,21
1742767200000,2025-03-23 22:00:00,0.29110459,0.1864031,8.91332312,9.02424215,2025-03-23,22
1742770800000,2025-03-23 23:00:00,0.56235229,0.20359454,23.48882965,23.61879611,2025-03-23,23
1742774400000,2025-03-24 00:00:00,1.93339259,0.44065293,122.69645483,127.60391092,2025-03-24,0
1742778000000,2025-03-24 01:00:00,0.3825553,0.48444507,28.03668448,29.07420249,2025-03-24,1
1742781600000,2025-03-24 02:00:00,0.66960997,0.55691301,39.15493227,41.51581786,2025-03-24,2
1742785200000,2025-03-24 03:00:00,0.51143453,0.62461765,39.55073652,42.96050021,2025-03-24,3
1742788800000,2025-03-24 04:00:00,0.40704899,0.67964261,25.73360088,27.27228248,2025-03-24,4
1742792400000,2025-03-24 05:00:00,0.4207123,0.698158,30.13817523,32.39484729,2025-03-24,5
1742796000000,2025-03-24 06:00:00,0.65943284,0.71202665,52.05013239,60.00838873,2025-03-24,6
1742799600000,2025-03-24 07:00:00,0.7120765,0.53755292,31.60677017,32.04344251,2025-03-24,7
1742803200000,2025-03-24 08:00:00,2.42803477,0.82976427,154.55301244,155.39422499,2025-03-24,8
1742806800000,2025-03-24 09:00:00,1.4840751,0.94611643,137.66686968,148.40750988,2025-03-24,9
1742810400000,2025-03-24 10:00:00,0.37748986,0.92698148,33.66569085,36.23902628,2025-03-24,10
1742814000000,2025-03-24 11:00:00,0.58084987,0.95181018,53.21644335,63.89348582,2025-03-24,11
1742817600000,2025-03-24 12:00:00,0.90189109,1.02055,62.02742508,63.13237635,2025-03-24,12
1742821200000,2025-03-24 13:00:00,0.4562947,0.99153027,21.84341997,22.35844048,2025-03-24,13
1742824800000,2025-03-24 14:00:00,0.09470539,0.9033344,8.19081827,9.4705394,2025-03-24,14
1742828400000,2025-03-24 15:00:00,0.77875856,0.66772351,32.28915471,32.70785943,2025-03-24,15
1742832000000,2025-03-24 16:00:00,0.15057855,0.477224,17.58925241,21.23157534,2025-03-24,16
1742835600000,2025-03-24 17:00:00,0.22025918,0.45476248,14.28471424,15.19788332,2025-03-24,17
1742839200000,2025-03-24 18:00:00,0.23113216,0.4048028,16.39037994,16.87264747,2025-03-24,18
1742842800000,2025-03-24 19:00:00,0.70961781,0.37733519,27.43450198,27.67509477,2025-03-24,19
1742846400000,2025-03-24 20:00:00,0.25574598,0.34868538,16.60621914,17.64647283,2025-03-24,20
1742850000000,2025-03-24 21:00:00,0.33906004,0.38359318,12.99753523,13.22334139,2025-03-24,21
1742853600000,2025-03-24 22:00:00,0.14083864,0.29246177,6.76735578,7.04193181,2025-03-24,22
1742857200000,2025-03-24 23:00:00,0.12372343,0.28862532,6.31791827,6.55734173,2025-03-24,23
1742860800000,2025-03-25 00:00:00,0.2049899,0.28644399,6.5009065,6.55967674,2025-03-25,0
1742864400000,2025-03-25 01:00:00,0.52765935,0.32880502,34.411589,35.35317675,2025-03-25,1
1742868000000,2025-03-25 02:00:00,0.38289555,0.28213041,27.03529065,27.56847981,2025-03-25,2
1742871600000,2025-03-25 03:00:00,0.61822742,0.33391348,53.17196623,59.34983226,2025-03-25,3
1742875200000,2025-03-25 04:00:00,0.81284369,0.40159685,74.47850147,77.22015056,2025-03-25,4
1742878800000,2025-03-25 05:00:00,0.48082945,0.45016697,36.80646154,37.50469711,2025-03-25,5
1742882400000,2025-03-25 06:00:00,0.61205224,0.51992823,42.42140481,42.84365698,2025-03-25,6
1742886000000,2025-03-25 07:00:00,0.50712975,0.56309106,27.60163394,28.39926583,2025-03-25,7
1742889600000,2025-03-25 08:00:00,0.07359648,0.49822494,5.58657725,6.25570055,2025-03-25,8
1742893200000,2025-03-25 09:00:00,0.53454258,0.5198888,31.03609855,32.60709727,2025-03-25,9
1742896800000,2025-03-25 10:00:00,0.73447399,0.53649545,31.12628091,31.58238153,2025-03-25,10
1742900400000,2025-03-25 11:00:00,0.37530031,0.47398926,36.55159137,38.28063165,2025-03-25,11
1742904000000,2025-03-25 12:00:00,0.47394309,0.47300549,28.69518074,31.28024385,2025-03-25,12
1742907600000,2025-03-25 13:00:00,0.65571576,0.47924314,57.01109521,59.01441844,2025-03-25,13
1742911200000,2025-03-25 14:00:00,0.45234316,0.47141648,38.1460265,39.80619846,2025-03-25,14
1742914800000,2025-03-25 15:00:00,0.10215459,0.47549621,7.73285056,8.37667672,2025-03-25,15
1742918400000,2025-03-25 16:00:00,0.19732488,0.42732225,7.75038608,8.09032028,2025-03-25,16
1742922000000,2025-03-25 17:00:00,0.17513059,0.34741605,12.89984889,14.18557765,2025-03-25,17
1742925600000,2025-03-25 18:00:00,0.08166825,0.30546862,4.28232213,4.49175348,2025-03-25,18
1742929200000,2025-03-25 19:00:00,0.18448998,0.26411817,5.34090073,5.35020934,2025-03-25,19
1742932800000,2025-03-25 20:00:00,0.01288377,0.17228503,0.3830136,0.39939684,2025-03-25,20
1742936400000,2025-03-25 21:00:00,0.08395844,0.11965864,4.56202789,4.7856309,2025-03-25,21
1742940000000,2025-03-25 22:00:00,0.86663606,0.22887028,46.57744893,46.79834747,2025-03-25,22
1742943600000,2025-03-25 23:00:00,0.18646418,0.22731875,17.62168195,18.45995346,2025-03-25,23
1742947200000,2025-03-26 00:00:00,0.21912469,0.23360362,21.11637911,23.22721734,2025-03-26,0
1742950800000,2025-03-26 01:00:00,0.30039428,0.2648502,18.78972707,19.22523414,2025-03-26,1
1742954400000,2025-03-26 02:00:00,1.02060983,0.38429589,103.75780402,108.18464163,2025-03-26,2
1742958000000,2025-03-26 03:00:00,1.68111154,0.62261415,135.31654676,139.53225777,2025-03-26,3
1742961600000,2025-03-26 04:00:00,1.42602524,0.81433797,125.91087352,126.91624615,2025-03-26,4
1742965200000,2025-03-26 05:00:00,1.3499472,0.88338242,72.99172976,74.24709612,2025-03-26,5
1742968800000,2025-03-26 06:00:00,0.51232962,0.92993463,49.44694573,52.76995037,2025-03-26,6
1742972400000,2025-03-26 07:00:00,0.23157733,0.93171358,15.63344142,16.44199073,2025-03-26,7
1742976000000,2025-03-26 08:00:00,0.65699966,0.9826572,43.73247304,44.01897704,2025-03-26,8
1742979600000,2025-03-26 09:00:00,0.02249259,0.84006903,2.16553306,2.56415559,2025-03-26,9
1742983200000,2025-03-26 10:00:00,0.40285379,0.65746078,31.32725497,33.83971846,2025-03-26,10
1742986800000,2025-03-26 11:00:00,0.79971843,0.56798837,53.22143378,54.38085332,2025-03-26,11
1742990400000,2025-03-26 12:00:00,0.91308129,0.50557896,40.68461723,41.08865785,2025-03-26,12
1742994000000,2025-03-26 13:00:00,0.82615563,0.55041125,36.7927186,37.17700313,2025-03-26,13
1742997600000,2025-03-26 14:00:00,0.39269176,0.57342759,15.87611809,16.10036222,2025-03-26,14
1743001200000,2025-03-26 15:00:00,0.27562918,0.5189461,34.80601166,39.69060165,2025-03-26,15
1743004800000,2025-03-26 16:00:00,0.170739,0.54012415,13.62070362,14.34207616,2025-03-26,16
1743008400000,2025-03-26 17:00:00,0.0851758,0.49474158,3.47524099,3.74773537,2025-03-26,17
1743012000000,2025-03-26 18:00:00,0.89521266,0.50838362,65.58803452,66.24573698,2025-03-26,18
1743015600000,2025-03-26 19:00:00,1.50775054,0.59333637,65.72731235,66.34102359,2025-03-26,19
1743019200000,2025-03-26 20:00:00,1.2644649,0.65595198,56.35977878,67.01663987,2025-03-26,20
1743022800000,2025-03-26 21:00:00,0.48476143,0.66910479,25.83908715,26.17711728,2025-03-26,21
1743026400000,2025-03-26 22:00:00,0.25749127,0.66651366,13.20123636,13.3895462,2025-03-26,22
1743030000000,2025-03-26 23:00:00,0.15364745,0.66407201,6.31157689,6.45319295,2025-03-26,23
1743033600000,2025-03-27 00:00:00,0.48305956,0.72091254,23.84692413,24.15297776,2025-03-27,0
1743037200000,2025-03-27 01:00:00,0.20030741,0.62164037,16.89076162,17.82735944,2025-03-27,1
1743040800000,2025-03-27 02:00:00,0.25476579,0.44264254,16.26230632,16.5597763,2025-03-27,2
1743044400000,2025-03-27 03:00:00,0.57524386,0.3441824,48.54453198,54.648167,2025-03-27,3
1743048000000,2025-03-27 04:00:00,2.02174593,0.56375161,36.34207762,36.39142673,2025-03-27,4
1743051600000,2025-03-27 05:00:00,0.24996949,0.56267707,19.94799679,20.99743685,2025-03-27,5
1743055200000,2025-03-27 06:00:00,1.11043526,0.69936104,71.90663012,74.39916231,2025-03-27,6
1743058800000,2025-03-27 07:00:00,0.16907109,0.65450555,12.0296165,12.84940252,2025-03-27,7
1743062400000,2025-03-27 08:00:00,0.40381085,0.68357747,22.97196293,23.82484024,2025-03-27,8
1743066000000,2025-03-27 09:00:00,1.33502306,0.83789993,151.95846139,154.86267508,2025-03-27,9
1743069600000,2025-03-27 10:00:00,0.8390417,0.87558534,42.55477214,42.79112676,2025-03-27,10
1743073200000,2025-03-27 11:00:00,0.34030441,0.63537941,25.96150087,27.2243529,2025-03-27,11
1743076800000,2025-03-27 12:00:00,1.8487751,0.86378021,160.42692742,160.8434337,2025-03-27,12
1743080400000,2025-03-27 13:00:00,0.43784676,0.76769614,35.2688967,35.90343447,2025-03-27,13
1743084000000,2025-03-27 14:00:00,0.79252657,0.85676121,83.09525887,88.76297577,2025-03-27,14
1743087600000,2025-03-27 15:00:00,0.6085205,0.88600544,47.49989935,48.07311937,2025-03-27,15
1743091200000,2025-03-27 16:00:00,0.95971457,0.83238994,61.63414005,62.38144725,2025-03-27,16
1743094800000,2025-03-27 17:00:00,0.31373145,0.75734562,20.99075604,21.33373874,2025-03-27,17
1743098400000,2025-03-27 18:00:00,0.28284838,0.74913762,12.80331165,13.01102569,2025-03-27,18
1743102000000,2025-03-27 19:00:00,0.08007313,0.49646591,5.26405822,5.84533823,2025-03-27,19
1743105600000,2025-03-27 20:00:00,0.06028986,0.44252921,2.91790313,3.01449319,2025-03-27,20
1743109200000,2025-03-27 21:00:00,0.10349243,0.34409576,2.44195371,2.48381837,2025-03-27,21
1743112800000,2025-03-27 22:00:00,0.06506364,0.26645907,2.56681431,2.73267298,2025-03-27,22
1743116400000,2025-03-27 23:00:00,0.26770768,0.16760094,20.36216413,21.14890697,2025-03-27,23
1743120000000,2025-03-28 00:00:00,0.87832269,0.24825683,49.74375632,51.82103857,2025-03-28,0
1743123600000,2025-03-28 01:00:00,0.2619652,0.24527352,16.8340308,17.8136334,2025-03-28,1
1743127200000,2025-03-28 02:00:00,0.17484089,0.25881177,11.75602667,12.93822553,2025-03-28,2
1743130800000,2025-03-28 03:00:00,0.71819996,0.35279893,44.41604922,45.96479733,2025-03-28,3
1743134400000,2025-03-28 04:00:00,0.39491445,0.39443064,28.80760306,30.01349856,2025-03-28,4
1743138000000,2025-03-28 05:00:00,0.85332876,0.50703995,55.40939438,58.0263554,2025-03-28,5
1743141600000,2025-03-28 06:00:00,0.85395633,0.59078975,66.15496055,73.4402441,2025-03-28,6
1743145200000,2025-03-28 07:00:00,0.76568952,0.5746993,35.72468661,35.98740752,2025-03-28,7
1743148800000,2025-03-28 08:00:00,1.15452639,0.70220804,92.7259999,95.82569011,2025-03-28,8
1743152400000,2025-03-28 09:00:00,2.4224,1.02328792,96.12935527,96.89599985,2025-03-28,9
1743156000000,2025-03-28 10:00:00,3.20491962,1.37853358,218.42417439,224.34437365,2025-03-28,10
1743159600000,2025-03-28 11:00:00,1.18369553,1.49121659,85.75179856,93.51194693,2025-03-28,11
1743163200000,2025-03-28 12:00:00,0.44978278,1.43356717,15.14000287,15.29261438,2025-03-28,12
1743166800000,2025-03-28 13:00:00,0.64482433,1.40369117,20.57780789,20.63437851,2025-03-28,13
1743170400000,2025-03-28 14:00:00,1.79625652,1.55091502,126.47553483,127.53421313,2025-03-28,14
1743174000000,2025-03-28 15:00:00,2.28908878,1.71299537,254.80261985,263.24520958,2025-03-28,15
1743177600000,2025-03-28 16:00:00,2.00859995,1.65388107,155.58695449,156.67079579,2025-03-28,16
1743181200000,2025-03-28 17:00:00,2.11740983,1.49852253,184.62035629,188.44947469,2025-03-28,17
1743184800000,2025-03-28 18:00:00,3.45603534,1.8231425,134.56183764,134.7853781,2025-03-28,18
1743188400000,2025-03-28 19:00:00,0.37728767,1.81278606,24.14237348,24.52369857,2025-03-28,19
1743192000000,2025-03-28 20:00:00,0.17591686,1.74579928,9.67804721,10.20317766,2025-03-28,20
1743195600000,2025-03-28 21:00:00,1.60124687,1.71794076,51.17821361,51.23989987,2025-03-28,21
1743199200000,2025-03-28 22:00:00,3.07893765,1.83077631,135.42321779,135.47325665,2025-03-28,22
1743202800000,2025-03-28 23:00:00,1.07377001,1.69722918,42.67374678,42.95080034,2025-03-28,23
1743206400000,2025-03-29 00:00:00,0.04839349,1.40165541,1.50168707,1.54859162,2025-03-29,0
1743210000000,2025-03-29 01:00:00,2.9130109,1.32408049,206.34259191,206.82377411,2025-03-29,1
1743213600000,2025-03-29 02:00:00,0.22007671,1.30162178,10.9920622,11.22391226,2025-03-29,2
1743217200000,2025-03-29 03:00:00,0.19305484,1.30407007,26.30560139,28.37906115,2025-03-29,3
1743220800000,2025-03-29 04:00:00,2.78492633,1.47316713,143.96128594,144.81616899,2025-03-29,4
1743224400000,2025-03-29 05:00:00,0.97344594,1.1723826,69.03623519,70.08810802,2025-03-29,5
1743228000000,2025-03-29 06:00:00,0.46477072,1.0853827,31.64004212,32.53395044,2025-03-29,6
1743231600000,2025-03-29 07:00:00,0.33842348,1.12681556,17.19215497,17.93644463,2025-03-29,7
1743235200000,2025-03-29 08:00:00,0.55232203,0.78957429,36.1757066,37.00557588,2025-03-29,8
1743238800000,2025-03-29 09:00:00,0.15608524,0.78043265,10.25738838,10.76988136,2025-03-29,9
1743242400000,2025-03-29 10:00:00,1.7698152,1.00568413,130.27085549,141.58521617,2025-03-29,10
1743246000000,2025-03-29 11:00:00,1.24190981,0.7852532,87.79604394,93.14323599,2025-03-29,11
1743249600000,2025-03-29 12:00:00,2.16927738,0.95608627,128.66138509,132.32592026,2025-03-29,12
1743253200000,2025-03-29 13:00:00,0.37528733,0.94330292,24.2814495,24.76896355,2025-03-29,13
1743256800000,2025-03-29 14:00:00,0.32702793,0.94167499,13.91298771,14.06220092,2025-03-29,14
1743260400000,2025-03-29 15:00:00,0.13303833,0.88177732,7.07095764,7.45014653,2025-03-29,15
1743264000000,2025-03-29 16:00:00,1.81057022,1.11813231,195.95685229,197.35215452,2025-03-29,16
1743267600000,2025-03-29 17:00:00,1.17089917,1.03257288,71.12085406,72.59574872,2025-03-29,17
1743271200000,2025-03-29 18:00:00,0.48827176,0.9249103,12.65835211,12.69506578,2025-03-29,18
1743274800000,2025-03-29 19:00:00,0.42409212,0.67559812,24.6261766,25.0214353,2025-03-29,19
1743278400000,2025-03-29 20:00:00,0.13854991,0.64177849,5.22956521,5.26489656,2025-03-29,20
1743282000000,2025-03-29 21:00:00,0.38519462,0.65008802,13.38771511,13.48181169,2025-03-29,21
1743285600000,2025-03-29 22:00:00,1.03364385,0.77874595,30.86077199,31.00931548,2025-03-29,22
1743289200000,2025-03-29 23:00:00,0.51262854,0.59332571,16.81126413,16.91674176,2025-03-29,23
1743292800000,2025-03-30 00:00:00,0.8009722,0.540479,29.55685809,29.6359715,2025-03-30,0
1743296400000,2025-03-30 01:00:00,0.59541611,0.55578534,29.46959387,29.77080528,2025-03-30,1
1743300000000,2025-03-30 02:00:00,0.17674444,0.52044995,10.74958364,11.13489961,2025-03-30,2
1743303600000,2025-03-30 03:00:00,1.67537183,0.73999594,110.08137995,117.27602804,2025-03-30,3
1743307200000,2025-03-30 04:00:00,0.48483305,0.75423,24.77954307,25.21131857,2025-03-30,4
1743310800000,2025-03-30 05:00:00,0.69835469,0.70633155,31.23320955,31.42596116,2025-03-30,5
1743314400000,2025-03-30 06:00:00,0.2588997,0.67008457,16.27773933,16.82848039,2025-03-30,6
1743318000000,2025-03-30 07:00:00,0.08914953,0.56839562,3.32646002,3.4768316,2025-03-30,7
1743321600000,2025-03-30 08:00:00,0.38714786,0.53864301,22.41335332,23.22887141,2025-03-30,8
1743325200000,2025-03-30 09:00:00,0.11596216,0.52995983,4.53521655,4.75444875,2025-03-30,9
1743328800000,2025-03-30 10:00:00,2.15656982,0.5987024,139.45891777,140.17703801,2025-03-30,10
1743332400000,2025-03-30 11:00:00,0.82262282,0.64695808,31.83080272,32.08228995,2025-03-30,11
1743336000000,2025-03-30 12:00:00,0.07125543,0.55737247,1.60336923,1.63887483,2025-03-30,12
1743339600000,2025-03-30 13:00:00,2.43503159,0.86824846,116.51199604,116.88151633,2025-03-30,13
1743343200000,2025-03-30 14:00:00,1.55509505,1.07766925,86.60643763,87.08532289,2025-03-30,14
1743346800000,2025-03-30 15:00:00,1.56150878,1.24543509,109.60535111,113.99014058,2025-03-30,15
1743350400000,2025-03-30 16:00:00,0.51143552,1.30193129,21.77032418,21.99172718,2025-03-30,16
1743354000000,2025-03-30 17:00:00,0.31301731,1.03856664,15.77024109,15.96388266,2025-03-30,17
1743357600000,2025-03-30 18:00:00,1.8812388,1.1897975,105.13243699,105.34937252,2025-03-30,18
1743361200000,2025-03-30 19:00:00,0.21812148,1.21077836,11.02271511,11.12419556,2025-03-30,19
1743364800000,2025-03-30 20:00:00,3.63920438,1.38280305,101.85166447,101.89772269,2025-03-30,20
1743368400000,2025-03-30 21:00:00,0.61072427,1.24789293,15.24603072,15.26810672,2025-03-30,21
1743372000000,2025-03-30 22:00:00,2.55274576,1.38949822,84.10558547,84.24061021,2025-03-30,22
1743375600000,2025-03-30 23:00:00,2.19051387,1.62936655,54.71029686,54.76284685,2025-03-30,23
1743379200000,2025-03-31 00:00:00,1.70760322,1.82859311,76.50309192,76.8421449,2025-03-31,0
1743382800000,2025-03-31 01:00:00,2.46544882,1.91205169,100.97058815,101.08340142,2025-03-31,1
1743386400000,2025-03-31 02:00:00,1.2837745,2.06428783,93.63731193,97.56686177,2025-03-31,2
1743390000000,2025-03-31 03:00:00,0.63325328,1.63486625,34.16029584,36.09543714,2025-03-31,3
1743393600000,2025-03-31 04:00:00,2.86643571,1.95711074,220.68030008,223.58198539,2025-03-31,4
1743397200000,2025-03-31 05:00:00,0.99178475,1.73411631,62.1601204,67.44136269,2025-03-31,5
1743400800000,2025-03-31 06:00:00,0.83653008,1.54069005,73.01457772,75.287707,2025-03-31,6
1743404400000,2025-03-31 07:00:00,1.42008494,1.49961601,110.94646738,112.18671056,2025-03-31,7
1743408000000,2025-03-31 08:00:00,0.7484237,1.25432671,57.28173147,59.87389606,2025-03-31,8
1743411600000,2025-03-31 09:00:00,0.42423733,1.13153568,19.7156583,20.36339169,2025-03-31,9
1743415200000,2025-03-31 10:00:00,0.97891345,1.18091571,36.08639876,36.21979747,2025-03-31,10
1743418800000,2025-03-31 11:00:00,1.1848005,0.94068211,20.12499141,20.14160852,2025-03-31,11
1743422400000,2025-03-31 12:00:00,0.35429777,0.84961254,36.11555603,43.93292327,2025-03-31,12
1743426000000,2025-03-31 13:00:00,1.47741326,0.94116728,163.65897,178.76700393,2025-03-31,13
1743429600000,2025-03-31 14:00:00,1.028327,0.88520186,87.00112415,88.43612233,2025-03-31,14
1743433200000,2025-03-31 15:00:00,0.57474789,0.86039103,51.74112255,54.02630144,2025-03-31,15
1743436800000,2025-03-31 16:00:00,0.13718246,0.81938319,22.20146722,23.45820104,2025-03-31,16
1743440400000,2025-03-31 17:00:00,0.67312548,0.77569919,44.67414153,45.09940702,2025-03-31,17
1743444000000,2025-03-31 18:00:00,0.57400965,0.68844336,55.18110231,56.82695509,2025-03-31,18
1743447600000,2025-03-31 19:00:00,0.5541607,0.71699521,29.3253337,29.9246777,2025-03-31,19
1743451200000,2025-03-31 20:00:00,0.072639,0.51631317,4.12780326,4.35833994,2025-03-31,20
1743454800000,2025-03-31 21:00:00,0.44635033,0.43317364,12.85318562,12.94415969,2025-03-31,21
1743458400000,2025-03-31 22:00:00,1.17741996,0.51926965,80.93091755,81.24197733,2025-03-31,22
1743462000000,2025-03-31 23:00:00,0.09025645,0.51256594,2.72386058,2.79794998,2025-03-31,23
1743465600000,2025-04-01 00:00:00,0.3021534,0.45956993,26.33178172,27.79811312,2025-04-01,0
1743469200000,2025-04-01 01:00:00,0.22851934,0.41021417,9.39782306,9.59781213,2025-04-01,1
1743472800000,2025-04-01 02:00:00,0.55216928,0.40992968,40.52635056,42.51703479,2025-04-01,2
1743476400000,2025-04-01 03:00:00,0.73721183,0.50486866,56.85289278,59.71415808,2025-04-01,3
1743480000000,2025-04-01 04:00:00,0.80326318,0.55585621,42.96943611,45.78600123,2025-04-01,4
1743483600000,2025-04-01 05:00:00,0.59955791,0.47330448,17.93354179,17.98673722,2025-04-01,5
1743487200000,2025-04-01 06:00:00,0.31157638,0.50492162,27.00641509,28.97660369,2025-04-01,6
1743490800000,2025-04-01 07:00:00,0.77460495,0.5724147,64.64970402,71.26365499,2025-04-01,7
1743494400000,2025-04-01 08:00:00,0.10538304,0.5548238,8.9913125,12.75134759,2025-04-01,8
1743498000000,2025-04-01 09:00:00,0.65081548,0.56891611,23.85310081,24.08017294,2025-04-01,9
1743501600000,2025-04-01 10:00:00,0.3314349,0.51094798,29.21952564,35.46353403,2025-04-01,10
1743505200000,2025-04-01 11:00:00,0.17918555,0.42179403,13.03568162,13.61810144,2025-04-01,11
1743508800000,2025-04-01 12:00:00,0.27004816,0.37472121,13.73650985,14.04250433,2025-04-01,12
1743512400000,2025-04-01 13:00:00,0.35468438,0.38087949,32.87396038,35.11375401,2025-04-01,13
1743516000000,2025-04-01 14:00:00,0.98412172,0.41081046,88.64028761,94.47568518,2025-04-01,14
1743519600000,2025-04-01 15:00:00,0.58145103,0.47882017,62.53560033,79.65879083,2025-04-01,15
1743523200000,2025-04-01 16:00:00,1.56652392,0.60963567,99.4390875,104.95710245,2025-04-01,16
1743526800000,2025-04-01 17:00:00,0.27011711,0.60087598,16.87830782,18.09784657,2025-04-01,17
1743530400000,2025-04-01 18:00:00,0.3505074,0.62535053,27.91075085,32.94769524,2025-04-01,18
1743534000000,2025-04-01 19:00:00,0.82636413,0.70482424,30.31570358,30.57547286,2025-04-01,19
1743537600000,2025-04-01 20:00:00,0.2713809,0.69292374,11.33231174,11.39799793,2025-04-01,20
1743541200000,2025-04-01 21:00:00,0.12453219,0.57012524,6.70877666,6.9738027,2025-04-01,21
1743544800000,2025-04-01 22:00:00,0.31630902,0.53224781,13.78673035,14.2339059,2025-04-01,22
1743548400000,2025-04-01 23:00:00,0.29588972,0.35072864,17.06582514,17.45749341,2025-04-01,23
1743552000000,2025-04-02 00:00:00,0.33384438,0.35983253,23.5684403,24.70448396,2025-04-02,0
1743555600000,2025-04-02 01:00:00,1.75395944,0.56032568,107.86815507,108.74548554,2025-04-02,1
1743559200000,2025-04-02 02:00:00,1.13492157,0.60440532,115.77913274,119.1667651,2025-04-02,2
1743562800000,2025-04-02 03:00:00,0.46568684,0.63216331,42.1148759,45.17162361,2025-04-02,3
1743566400000,2025-04-02 04:00:00,0.65735315,0.70828059,37.57900548,38.12648246,2025-04-02,4
1743570000000,2025-04-02 05:00:00,0.40120477,0.72040855,27.54883614,28.88674332,2025-04-02,5
1743573600000,2025-04-02 06:00:00,0.42566798,0.7389483,8.48703109,8.51335952,2025-04-02,6
1743577200000,2025-04-02 07:00:00,1.34883818,0.88394742,122.55629022,128.13962747,2025-04-02,7
1743580800000,2025-04-02 08:00:00,2.3329714,0.96666341,198.82869916,200.63554058,2025-04-02,8
1743584400000,2025-04-02 09:00:00,0.7400779,0.91025717,37.87803077,38.48405061,2025-04-02,9
1743588000000,2025-04-02 10:00:00,0.11705207,0.86045221,7.70935265,8.19364468,2025-04-02,10
1743591600000,2025-04-02 11:00:00,0.25330975,0.80273172,17.47298757,18.23830185,2025-04-02,11
1743595200000,2025-04-02 12:00:00,0.25310877,0.78157515,16.97366573,17.97072271,2025-04-02,12
1743598800000,2025-04-02 13:00:00,2.68039505,1.10367902,282.88063329,289.48266505,2025-04-02,13
1743602400000,2025-04-02 14:00:00,0.67046847,1.00676906,52.25156587,56.31935163,2025-04-02,14
1743606000000,2025-04-02 15:00:00,0.19246441,0.70098235,13.4289358,15.78208189,2025-04-02,15
1743609600000,2025-04-02 16:00:00,0.45340201,0.66002865,26.22239237,27.65752271,2025-04-02,16
1743613200000,2025-04-02 17:00:00,0.91357843,0.77381813,53.5300412,53.90112756,2025-04-02,17
1743616800000,2025-04-02 18:00:00,0.22722831,0.77009221,11.99915631,12.95201343,2025-04-02,18
1743620400000,2025-04-02 19:00:00,0.70183099,0.83419538,36.79093357,37.19704231,2025-04-02,19
1743624000000,2025-04-02 20:00:00,1.39707412,0.65086382,67.84315777,72.64785431,2025-04-02,20
1743627600000,2025-04-02 21:00:00,0.25762225,0.59188579,14.43957391,15.19971295,2025-04-02,21
1743631200000,2025-04-02 22:00:00,2.81999202,0.96724688,125.36964821,126.89964089,2025-04-02,22
1743634800000,2025-04-02 23:00:00,1.12742315,1.06353561,44.87431528,45.09692597,2025-04-02,23
1743638400000,2025-04-03 00:00:00,0.60392725,1.01929973,22.16389396,22.34530842,2025-04-03,0
1743642000000,2025-04-03 01:00:00,1.01495758,1.13183248,81.23899926,87.28635174,2025-04-03,1
1743645600000,2025-04-03 02:00:00,0.58594543,1.1152774,31.2036748,31.64105325,2025-04-03,2
1743649200000,2025-04-03 03:00:00,0.33673158,0.96379989,29.15392206,31.31603735,2025-04-03,3
1743652800000,2025-04-03 04:00:00,0.44113188,0.99001556,21.18837841,21.61546197,2025-04-03,4
1743656400000,2025-04-03 05:00:00,0.30003242,0.63002133,18.66189579,19.20207519,2025-04-03,5
1743660000000,2025-04-03 06:00:00,1.06406033,0.6209695,76.71526821,79.80452501,2025-04-03,6
1743663600000,2025-04-03 07:00:00,1.19492054,0.70539711,77.88683738,78.86475569,2025-04-03,7
1743667200000,2025-04-03 08:00:00,0.43224917,0.62215305,27.91532453,28.96069433,2025-04-03,8
1743670800000,2025-04-03 09:00:00,0.4785793,0.60681503,28.51626929,30.15049559,2025-04-03,9
1743674400000,2025-04-03 10:00:00,0.22891127,0.59141213,27.26769294,31.36084401,2025-04-03,10
1743678000000,2025-04-03 11:00:00,1.34313039,0.72026906,89.31410257,89.98973646,2025-04-03,11
1743681600000,2025-04-03 12:00:00,0.61196384,0.76483069,42.12846331,44.67336027,2025-04-03,12
1743685200000,2025-04-03 13:00:00,0.73351264,0.71760959,64.69819214,68.95018821,2025-04-03,13
1743688800000,2025-04-03 14:00:00,2.14890192,0.85389265,184.75929566,197.69897624,2025-04-03,14
1743692400000,2025-04-03 15:00:00,0.81905828,0.90915109,87.83952637,91.73452779,2025-04-03,15
1743696000000,2025-04-03 16:00:00,0.61216687,0.92823503,16.50839238,16.52850542,2025-04-03,16
1743699600000,2025-04-03 17:00:00,1.45156115,1.1028993,112.88636096,121.93113652,2025-04-03,17
1743703200000,2025-04-03 18:00:00,2.86676916,1.32056198,181.4271231,192.07353404,2025-04-03,18
1743706800000,2025-04-03 19:00:00,1.30974776,1.4202454,87.91463627,90.37259567,2025-04-03,19
1743710400000,2025-04-03 20:00:00,1.08506079,1.47046656,44.31868345,44.48749238,2025-04-03,20
1743714000000,2025-04-03 21:00:00,1.23738918,1.34025046,66.17698125,66.81901599,2025-04-03,21
1743717600000,2025-04-03 22:00:00,0.13635176,1.24272095,3.51288857,3.54514583,2025-04-03,22
1743721200000,2025-04-03 23:00:00,0.30598385,1.19898052,16.25631121,16.82911177,2025-04-03,23
1743724800000,2025-04-04 00:00:00,0.20209832,1.02048583,7.68683206,7.88183456,2025-04-04,0
1743728400000,2025-04-04 01:00:00,0.48558059,0.68031604,23.16887835,23.30786811,2025-04-04,1
1743732000000,2025-04-04 02:00:00,0.25284472,0.52932989,20.83231075,21.99749077,2025-04-04,2
1743735600000,2025-04-04 03:00:00,1.01141177,0.5188086,68.90572092,70.79882364,2025-04-04,3
1743739200000,2025-04-04 04:00:00,0.23655631,0.37583247,13.06910584,13.48370964,2025-04-04,4
1743742800000,2025-04-04 05:00:00,0.30534843,0.39997486,12.53908306,12.82463414,2025-04-04,5
1743746400000,2025-04-04 06:00:00,1.05280802,0.50666402,55.48400956,56.85163303,2025-04-04,6
1743750000000,2025-04-04 07:00:00,0.23616614,0.51153085,14.41145893,15.58696557,2025-04-04,7
1743753600000,2025-04-04 08:00:00,1.7434284,0.6912234,110.91196606,111.57941742,2025-04-04,8
1743757200000,2025-04-04 09:00:00,0.8487723,0.77635591,73.52694833,85.72600252,2025-04-04,9
1743760800000,2025-04-04 10:00:00,1.3214607,0.82064861,116.94109185,130.8246092,2025-04-04,10
1743764400000,2025-04-04 11:00:00,2.05483476,1.08040268,113.35558446,117.12558149,2025-04-04,11
1743768000000,2025-04-04 12:00:00,1.7898377,1.29247257,129.62724984,143.18701586,2025-04-04,12
1743771600000,2025-04-04 13:00:00,0.51673852,1.21589122,36.47735654,38.2386506,2025-04-04,13
1743775200000,2025-04-04 14:00:00,1.18571591,1.35154118,96.39669977,100.78585268,2025-04-04,14
1743778800000,2025-04-04 15:00:00,0.59399143,1.1873359,83.23852144,84.34678274,2025-04-04,15
1743782400000,2025-04-04 16:00:00,0.72409346,1.16952464,10.84638457,10.86140193,2025-04-04,16
1743786000000,2025-04-04 17:00:00,0.23520637,1.01434545,18.88940892,19.52212838,2025-04-04,17
1743789600000,2025-04-04 18:00:00,1.46753184,0.93044503,77.38389669,77.77918757,2025-04-04,18
1743793200000,2025-04-04 19:00:00,0.79806518,0.78876324,32.36813682,32.72067238,2025-04-04,19
1743796800000,2025-04-04 20:00:00,1.45635048,0.92299352,30.56222596,30.58336002,2025-04-04,20
1743800400000,2025-04-04 21:00:00,0.64043854,0.84509676,40.69813656,40.98806673,2025-04-04,21
1743804000000,2025-04-04 22:00:00,0.18758351,0.78703848,12.28787112,12.38051146,2025-04-04,22
1743807600000,2025-04-04 23:00:00,0.69414872,0.78276066,32.47655552,32.62498961,2025-04-04,23
1743811200000,2025-04-05 00:00:00,0.21127578,0.77934201,16.79689259,17.53588933,2025-04-05,0
1743814800000,2025-04-05 01:00:00,0.08058704,0.58120704,5.67145025,6.12461513,2025-04-05,1
1743818400000,2025-04-05 02:00:00,0.03676308,0.47244959,0.36763077,0.36763077,2025-04-05,2
1743822000000,2025-04-05 03:00:00,0.47173672,0.33179048,37.19702976,39.1541481,2025-04-05,3
1743825600000,2025-04-05 04:00:00,5.54783131,1.03284659,238.03751802,238.55674634,2025-04-05,4
1743829200000,2025-04-05 05:00:00,0.19356775,1.03370149,12.58434829,13.54974265,2025-04-05,5
1743832800000,2025-04-05 06:00:00,0.5971546,1.01984518,30.84571858,31.05203918,2025-04-05,6
1743836400000,2025-04-05 07:00:00,0.80523674,1.10469675,34.48345827,34.62517992,2025-04-05,7
1743840000000,2025-04-05 08:00:00,1.00105323,1.23619192,27.98181577,28.02949037,2025-04-05,8
1743843600000,2025-04-05 09:00:00,0.15869614,1.25361093,6.76146685,7.1413265,2025-04-05,9
1743847200000,2025-04-05 10:00:00,0.26867702,1.2246024,25.4937883,26.06167136,2025-04-05,10
1743850800000,2025-04-05 11:00:00,1.32414301,0.62121836,55.18995172,55.61400658,2025-04-05,11
1743854400000,2025-04-05 12:00:00,1.62534214,0.82575755,97.16053887,99.14587054,2025-04-05,12
1743858000000,2025-04-05 13:00:00,0.85735241,0.86292867,83.77685598,84.877889,2025-04-05,13
1743861600000,2025-04-05 14:00:00,0.53625848,0.8245032,54.46409025,55.23462336,2025-04-05,14
1743865200000,2025-04-05 15:00:00,0.56278338,0.76189323,34.35377218,34.89256949,2025-04-05,15
1743868800000,2025-04-05 16:00:00,0.19588047,0.76720527,6.40796544,6.46405551,2025-04-05,16
1743872400000,2025-04-05 17:00:00,0.74535912,0.83530272,34.86828891,35.03187845,2025-04-05,17
1743876000000,2025-04-05 18:00:00,0.09233812,0.65933059,2.52218797,2.58546747,2025-04-05,18
1743879600000,2025-04-05 19:00:00,1.11606734,0.58657705,23.41741486,23.43741411,2025-04-05,19
1743883200000,2025-04-05 20:00:00,0.06010291,0.47268426,2.86451685,2.94504254,2025-04-05,20
1743886800000,2025-04-05 21:00:00,0.15827509,0.41868663,7.05342588,7.12237894,2025-04-05,21
1743890400000,2025-04-05 22:00:00,11.38435075,1.96462483,261.82106793,261.84006717,2025-04-05,22
1743894000000,2025-04-05 23:00:00,0.49673164,2.00760357,14.37621315,14.40521765,2025-04-05,23
1743897600000,2025-04-06 00:00:00,0.05410313,1.90885271,1.4549871,1.51488762,2025-04-06,0
1743901200000,2025-04-06 01:00:00,0.04157806,1.90160127,0.57827265,0.58209279,2025-04-06,1
1743904800000,2025-04-06 02:00:00,0.18700223,1.76887769,10.3367926,10.65912715,2025-04-06,2
1743908400000,2025-04-06 03:00:00,0.75624515,1.86832658,45.86572803,47.64344471,2025-04-06,3
1743912000000,2025-04-06 04:00:00,0.03604713,1.85086544,1.14878266,1.2256024,2025-04-06,4
1743915600000,2025-04-06 05:00:00,0.12546161,0.24245271,6.8538335,7.15131181,2025-04-06,5
1743919200000,2025-04-06 06:00:00,0.21406216,0.20207135,1.07031079,1.07031079,2025-04-06,6
1743922800000,2025-04-06 07:00:00,0.23173997,0.22744804,14.35017943,14.59961814,2025-04-06,7
1743926400000,2025-04-06 08:00:00,0.06827844,0.23126238,2.83252159,3.07252961,2025-04-06,8
1743930000000,2025-04-06 09:00:00,0.18286674,0.2306716,3.98393997,4.02306817,2025-04-06,9
1743933600000,2025-04-06 10:00:00,0.37967736,0.1768762,22.77190596,23.5399962,2025-04-06,10
1743937200000,2025-04-06 11:00:00,3.61517604,0.68818033,68.66052345,68.68834485,2025-04-06,11
1743940800000,2025-04-06 12:00:00,0.33005616,0.71740812,17.52101234,17.82303276,2025-04-06,12
1743944400000,2025-04-06 13:00:00,1.14841638,0.8508873,129.28323016,130.91946679,2025-04-06,13
1743948000000,2025-04-06 14:00:00,0.06310699,0.82679687,2.53975673,2.71360038,2025-04-06,14
1743951600000,2025-04-06 15:00:00,1.60355715,1.0461224,119.8617,120.26678625,2025-04-06,15
1743955200000,2025-04-06 16:00:00,5.51408906,1.80772559,165.17752863,165.42267178,2025-04-06,16
1743958800000,2025-04-06 17:00:00,1.35369885,1.94687152,97.55247451,98.82001623,2025-04-06,17
1743962400000,2025-04-06 18:00:00,3.44405696,1.92242594,314.59596145,375.40220859,2025-04-06,18
1743966000000,2025-04-06 19:00:00,0.52267312,1.94994264,29.36913724,30.83771432,2025-04-06,19
1743969600000,2025-04-06 20:00:00,0.12338448,1.80350952,7.29917829,7.77322219,2025-04-06,20
1743973200000,2025-04-06 21:00:00,2.27075208,2.11888739,97.12374046,97.64233964,2025-04-06,21
1743976800000,2025-04-06 22:00:00,0.22816276,1.92240247,11.78690881,12.54895169,2025-04-06,22
1743980400000,2025-04-06 23:00:00,1.63169636,1.36777494,112.75678056,119.11383451,2025-04-06,23
1743984000000,2025-04-07 00:00:00,1.42843514,1.37845156,75.99150548,84.27767317,2025-04-07,0
1743987600000,2025-04-07 01:00:00,1.88033196,1.15506227,147.46973051,154.187221,2025-04-07,1
1743991200000,2025-04-07 02:00:00,0.82170536,1.19778116,35.2438244,36.97674119,2025-04-07,2
1743994800000,2025-04-07 03:00:00,1.48452503,1.39222981,73.96552524,75.71077635,2025-04-07,3
1743998400000,2025-04-07 04:00:00,1.01921585,1.21343892,155.62482449,194.67022752,2025-04-07,4
1744002000000,2025-04-07 05:00:00,0.82231,1.2983171,13.96319887,13.97926999,2025-04-07,5
1744005600000,2025-04-07 06:00:00,2.12000336,1.36807524,234.74488,309.52049077,2025-04-07,6
1744009200000,2025-04-07 07:00:00,0.91323314,1.29447496,73.83847674,96.80271292,2025-04-07,7
1744012800000,2025-04-07 08:00:00,1.05683884,1.17683308,135.93671693,200.79937953,2025-04-07,8
1744016400000,2025-04-07 09:00:00,3.1656533,1.51168279,280.65913324,294.40575731,2025-04-07,9
1744020000000,2025-04-07 10:00:00,3.41827261,1.78793244,105.8033812,105.96645088,2025-04-07,10
1744023600000,2025-04-07 11:00:00,0.47802961,1.71062012,48.58992449,53.06128664,2025-04-07,11
1744027200000,2025-04-07 12:00:00,4.51140983,2.23763438,435.40823736,437.60675359,2025-04-07,12
1744030800000,2025-04-07 13:00:00,0.9246217,2.06686558,80.39772275,94.31141357,2025-04-07,13
1744034400000,2025-04-07 14:00:00,1.06702253,2.08883549,75.07384153,76.82562212,2025-04-07,14
1744038000000,2025-04-07 15:00:00,2.02994379,2.22785048,129.03914695,140.06612145,2025-04-07,15
1744041600000,2025-04-07 16:00:00,0.32996159,1.82275167,11.38051378,11.54865574,2025-04-07,16
1744045200000,2025-04-07 17:00:00,0.65338063,1.4277671,42.06100148,44.42988283,2025-04-07,17
1744048800000,2025-04-07 18:00:00,0.69630648,1.45894951,55.73485178,57.09713145,2025-04-07,18
1744052400000,2025-04-07 19:00:00,0.68453981,0.91225379,22.43493939,22.58981385,2025-04-07,19
1744056000000,2025-04-07 20:00:00,0.12154568,0.79752864,5.39519631,5.59110119,2025-04-07,20
1744059600000,2025-04-07 21:00:00,0.09663155,0.65890136,5.8827176,6.08778739,2025-04-07,21
1744063200000,2025-04-07 22:00:00,0.25068356,0.40472133,9.57462051,9.77665898,2025-04-07,22
1744066800000,2025-04-07 23:00:00,0.52897101,0.43315125,13.69965537,13.75324638,2025-04-07,23
1744070400000,2025-04-08 00:00:00,0.52185488,0.41436185,34.9342701,35.48613156,2025-04-08,0
1744074000000,2025-04-08 01:00:00,0.20234358,0.34379572,12.08694092,12.54530181,2025-04-08,1
1744077600000,2025-04-08 02:00:00,0.53338462,0.32220213,45.36218881,47.47123145,2025-04-08,2
1744081200000,2025-04-08 03:00:00,1.21899754,0.47898096,26.71478524,26.81794577,2025-04-08,3
1744084800000,2025-04-08 04:00:00,1.24892575,0.64359442,93.34651234,94.91835672,2025-04-08,4
1744088400000,2025-04-08 05:00:00,1.14459098,0.77129548,66.18892518,69.82004995,2025-04-08,5
1744092000000,2025-04-08 06:00:00,0.53219706,0.77175634,34.65012169,35.12500616,2025-04-08,6
1744095600000,2025-04-08 07:00:00,0.28860997,0.73843564,21.85477632,23.08879795,2025-04-08,7
1744099200000,2025-04-08 08:00:00,0.50311017,0.7814023,27.90754539,28.17416953,2025-04-08,8
1744102800000,2025-04-08 09:00:00,0.29774129,0.74773897,22.15445865,27.68994026,2025-04-08,9
1744106400000,2025-04-08 10:00:00,0.41129719,0.6323532,30.59522833,32.08118121,2025-04-08,10
1744110000000,2025-04-08 11:00:00,0.96898901,0.59236224,35.65756485,35.85259335,2025-04-08,11
1744113600000,2025-04-08 12:00:00,1.67422859,0.66802475,123.26282823,125.56714437,2025-04-08,12
1744117200000,2025-04-08 13:00:00,0.74406906,0.69829218,46.96012021,48.36448899,2025-04-08,13
1744120800000,2025-04-08 14:00:00,1.88952392,0.92699418,58.41808456,58.57524141,2025-04-08,14
1744124400000,2025-04-08 15:00:00,1.51265882,1.07121541,131.88416006,134.62663504,2025-04-08,15
1744128000000,2025-04-08 16:00:00,0.78347209,1.14060553,67.10141195,69.72901571,2025-04-08,16
1744131600000,2025-04-08 17:00:00,1.18571412,1.25123652,64.6782739,66.39999048,2025-04-08,17
1744135200000,2025-04-08 18:00:00,1.62504558,1.34495888,51.92017032,52.00145855,2025-04-08,18
1744138800000,2025-04-08 19:00:00,1.28448484,1.2892812,76.09008804,78.35357512,2025-04-08,19
1744142400000,2025-04-08 20:00:00,1.95041586,1.46161646,125.70372395,130.67786238,2025-04-08,20
1744146000000,2025-04-08 21:00:00,0.40355352,1.24933498,17.47425581,17.75635493,2025-04-08,21
1744149600000,2025-04-08 22:00:00,0.62440833,1.12244205,34.52183746,35.59127487,2025-04-08,22
1744153200000,2025-04-08 23:00:00,0.6495674,1.10331281,34.02027705,34.42707206,2025-04-08,23
1744156800000,2025-04-09 00:00:00,1.62809966,1.16651074,37.40243161,37.4462922,2025-04-09,0
1744160400000,2025-04-09 01:00:00,1.70097426,1.1773577,147.43807918,159.89158033,2025-04-09,1
1744164000000,2025-04-09 02:00:00,1.82047777,1.25392811,40.02642802,40.05051085,2025-04-09,2
1744167600000,2025-04-09 03:00:00,1.00212597,1.11845813,110.4374871,132.28062756,2025-04-09,3
1744171200000,2025-04-09 04:00:00,0.59188943,1.14536326,38.89581284,39.65659208,2025-04-09,4
1744174800000,2025-04-09 05:00:00,0.56812687,1.13732305,48.28493841,56.24456052,2025-04-09,5
1744178400000,2025-04-09 06:00:00,1.98051851,1.32745892,49.41975163,49.51296264,2025-04-09,6
1744182000000,2025-04-09 07:00:00,0.80045392,1.20922382,56.2320431,57.63268222,2025-04-09,7
1744185600000,2025-04-09 08:00:00,0.71334732,1.06813426,59.42614923,62.0612171,2025-04-09,8
1744189200000,2025-04-09 09:00:00,0.53777309,0.88489073,33.08309022,33.87970475,2025-04-09,9
1744192800000,2025-04-09 10:00:00,0.33907369,0.79016898,17.01238515,17.29275801,2025-04-09,10
1744196400000,2025-04-09 11:00:00,0.61372833,0.79328882,36.20199632,36.82369981,2025-04-09,11
1744200000000,2025-04-09 12:00:00,0.91574399,0.84294841,50.69283528,51.2816632,2025-04-09,12
1744203600000,2025-04-09 13:00:00,0.9962739,0.70234203,78.3362089,80.69818623,2025-04-09,13
1744207200000,2025-04-09 14:00:00,1.12461445,0.74865068,78.62429061,83.22146923,2025-04-09,14
1744210800000,2025-04-09 15:00:00,2.30477469,0.97599745,100.96362011,101.41008645,2025-04-09,15
1744214400000,2025-04-09 16:00:00,0.23555236,0.93282306,10.45380984,10.59985601,2025-04-09,16
1744218000000,2025-04-09 17:00:00,2.21772042,1.20120116,149.82090813,153.02270911,2025-04-09,17
1744221600000,2025-04-09 18:00:00,2.15201816,1.42095685,263.94669863,290.52245116,2025-04-09,18
1744225200000,2025-04-09 19:00:00,0.38383561,1.34496994,21.77126539,22.2624655,2025-04-09,19
1744228800000,2025-04-09 20:00:00,3.94901733,1.76679043,215.97227815,217.19595311,2025-04-09,20
1744232400000,2025-04-09 21:00:00,1.15158757,1.77064373,93.30062781,94.43018107,2025-04-09,21
1744236000000,2025-04-09 22:00:00,0.18420152,1.46770471,7.13586543,7.36806081,2025-04-09,22
1744239600000,2025-04-09 23:00:00,0.09459793,1.44756836,5.99168113,6.62185476,2025-04-09,23
1744243200000,2025-04-10 00:00:00,0.35808832,1.18190663,18.81151045,21.12721099,2025-04-10,0
1744246800000,2025-04-10 01:00:00,1.36422595,1.06936489,141.02802914,154.15753242,2025-04-10,1
1744250400000,2025-04-10 02:00:00,0.632482,1.1048858,48.62429034,52.49600569,2025-04-10,2
